"Rank","Colors","CMC","Name","Rarity","Type","Card Kingdom","TCGPlayer","Face to Face","Cardmarket","Cardhoarder","Salt","Decks","Set Code","Set Name"
"1","W,U,B","4","Y'shtola, Night's Blessed","mythic","Creature","0.99","0.95","1.06","2.48","2.23","0.92","23880","FIC","Final Fantasy Commander"
"2","U,B,R","2","Norman Osborn","mythic","Creature","11.99","10.5","14.24","7.74","0.98","0.74","7389","SPM","Marvel's Spider-Man"
"3","B,R,G","4","Hearthhull, the Worldseed","mythic","Artifact","0.99","0.8","1.06","1.26","","0.46","12081","EOC","Edge of Eternities Commander"
"4","R,W,B","6","Edgar Markov","mythic","Creature","29.99","19.99","23.5","21.09","1.24","2.05","39100","INR","Innistrad Remastered"
"5","W,U,B,R,G","9","The Ur-Dragon","mythic","Creature","32.99","31.0","21.36","28.69","0.03","1.97","40475","CMM","Commander Masters"
"6","B,G,U","4","Teval, the Balanced Scale","mythic","Creature","5.99","7.0","6.4","3.43","","0.6","19820","TDC","Tarkir: Dragonstorm Commander"
"7","U,B,R","5","Kefka, Court Mage","mythic","Creature","9.49","7.66","9.25","5.82","0.03","1.22","15291","FIN","Final Fantasy"
"8","U,R","3","Vivi Ornitier","mythic","Creature","27.99","34.16","32.05","26.23","4.05","2.81","20470","FIN","Final Fantasy"
"9","W,U,B","4","Jin Sakai, Ghost of Tsushima","mythic","Creature","","149.99","","","","0","3707","SLD","Secret Lair Drop"
"10","R,G,W","5","Cloud, Ex-SOLDIER","mythic","Creature","0.99","0.82","1.06","1.01","1.32","0.7","14580","FIC","Final Fantasy Commander"
"11","G,W,U","4","Ms. Bumbleflower","mythic","Creature","0.99","0.71","1.06","3.56","","0.81","21935","BLC","Bloomburrow Commander"
"12","B","3","Sephiroth, Fabled SOLDIER","mythic","Creature","39.99","35.0","42.73","34.66","1.77","1.43","15221","FIN","Final Fantasy"
"13","R,G,W","5","Pantlaza, Sun-Favored","mythic","Creature","0.99","0.67","1.06","2.13","0.32","0.84","30279","LCC","The Lost Caverns of Ixalan Commander"
"14","R,W,B","4","Kaalia of the Vast","mythic","Creature","2.29","1.46","1.42","1.94","0.02","1.19","31028","MH3","Modern Horizons 3"
"15","R","4","Krenko, Mob Boss","rare","Creature","0.99","1.0","1.06","0.73","0.02","1.17","32964","FDN","Foundations"
"16","U,B,R","6","Sauron, the Dark Lord","mythic","Creature","9.99","7.62","9.96","7.29","0.02","1.15","29463","LTR","The Lord of the Rings: Tales of Middle-earth"
"17","G,W,U,B","4","Atraxa, Praetors' Voice","mythic","Creature","22.99","20.11","21.36","12.49","0.03","1.72","37859","2XM","Double Masters"
"18","U,B,R","5","Nekusar, the Mindrazer","rare","Creature","3.99","1.91","3.55","0.88","0.02","1.24","24672","CMM","Commander Masters"
"19","W,U,B,R,G","5","Cosmic Spider-Man","mythic","Creature","6.99","6.99","8.54","2.83","0.14","1.23","5024","SPM","Marvel's Spider-Man"
"20","W,U,B,R,G","5","Jodah, the Unifier","mythic","Creature","2.99","2.0","3.2","1.73","0.02","1.94","25914","DMU","Dominaria United"
"21","W","2","Giada, Font of Hope","rare","Creature","0.79","0.99","0.71","0.76","0.02","0.46","26103","FDN","Foundations"
"22","B,R","4","Valgavoth, Harrower of Souls","mythic","Creature","14.99","10.45","14.95","18.66","0.12","0.76","19824","DSC","Duskmourn: House of Horror Commander"
"23","B,G","4","Lathril, Blade of the Elves","rare","Creature","0.49","0.38","0.53","0.3","0.02","0.91","28251","FDN","Foundations"
"24","B,G,U","4","The Wise Mothman","mythic","Creature","0.99","0.73","1.06","8.57","","1.01","25392","PIP","Fallout"
"25","U,B","3","Yuriko, the Tiger's Shadow","rare","Creature","2.79","1.7","2.49","1.77","1.74","2.15","28943","CMM","Commander Masters"
"26","U,R,W","3","Atreus, Impulsive Son // Kratos, Stoic Father","mythic","Creature","","41.0","","","","0","2720","SLD","Secret Lair Drop"
"27","W","5","Anti-Venom, Horrifying Healer","mythic","Creature","9.99","11.07","14.24","5.51","0.47","1.01","4497","SPM","Marvel's Spider-Man"
"28","U,R,W","3","Kilo, Apogee Mind","mythic","Creature","0.99","1.3","1.06","0.9","","0.39","8480","EOC","Edge of Eternities Commander"
"29","B,R,G","3","Eddie Brock","mythic","Creature","5.49","6.0","9.25","4.72","0.77","0.55","4346","SPM","Marvel's Spider-Man"
"30","G,W,U","3","Tidus, Yuna's Guardian","mythic","Creature","0.99","0.7","1.06","2.2","1.08","0.45","9645","FIC","Final Fantasy Commander"
"31","R,W,B","3","Isshin, Two Heavens as One","rare","Creature","4.99","3.6","3.55","3.66","0.02","0.65","24184","NEO","Kamigawa: Neon Dynasty"
"32","W,B,G","2","Frodo, Adventurous Hobbit // Sam, Loyal Attendant","mythic","Creature","0.99","0.32","1.06","0.46","1.2","0.42","20403","LTC","Tales of Middle-earth Commander"
"33","B,G","3","Chatterfang, Squirrel General","mythic","Creature","3.99","2.3","3.55","4.11","0.02","0.96","21697","MH2","Modern Horizons 2"
"34","R,W,B","3","Terra, Herald of Hope","mythic","Creature","0.99","0.43","1.06","1.23","1.46","0.47","8583","FIC","Final Fantasy Commander"
"35","R,W","2","Ragost, Deft Gastronaut","rare","Creature","0.49","0.5","0.53","0.08","0.02","0.35","9881","EOE","Edge of Eternities"
"36","W,U,B,R,G","5","Kenrith, the Returned King","mythic","Creature","1.29","1.06","1.42","0.63","0.02","1.09","26880","PLST","The List"
"37","R,G,W","3","Baylen, the Haymaker","rare","Creature","1.29","0.75","1.42","0.52","0.02","0.92","21361","BLB","Bloomburrow"
"38","R,G","3","Bello, Bard of the Brambles","mythic","Creature","1.99","1.18","1.42","5.59","","0.6","18218","BLC","Bloomburrow Commander"
"39","G,U","4","Hakbal of the Surging Soul","mythic","Creature","0.99","0.34","1.06","0.59","","0.74","22669","LCC","The Lost Caverns of Ixalan Commander"
"40","B,G,U","6","Muldrotha, the Gravetide","mythic","Creature","3.99","3.43","3.2","2.76","0.02","0.9","20838","FDN","Foundations"
"41","W,U,B,R,G","5","Ulalek, Fused Atrocity","mythic","Creature","0.99","0.75","1.06","0.51","0.02","1.32","22488","M3C","Modern Horizons 3 Commander"
"42","G,U,R","7","Ureni of the Unwritten","mythic","Creature","19.99","17.65","19.94","11.81","","0.85","11150","TDC","Tarkir: Dragonstorm Commander"
"43","G,U,R","6","Miirym, Sentinel Wyrm","rare","Creature","4.99","3.12","4.27","4.45","10.47","1.78","25683","CLB","Commander Legends: Battle for Baldur's Gate"
"44","R,W,B","4","Caesar, Legion's Emperor","mythic","Creature","3.49","2.61","4.27","8.03","7.65","0.48","18480","PIP","Fallout"
"45","B,R","4","Kuja, Genome Sorcerer","rare","Creature","0.99","1.23","1.06","1.03","0.02","0.68","10362","FIN","Final Fantasy"
"46","W,U,B,R,G","2","The Wandering Minstrel","rare","Creature","0.49","0.42","0.35","0.34","0.02","0.55","10010","FIN","Final Fantasy"
"47","W,U,B,R,G","3","Terra, Magical Adept","mythic","Creature","3.99","4.0","4.27","4.88","0.22","0.55","10237","FIN","Final Fantasy"
"48","B,G,U","3","Glarb, Calamity's Augur","mythic","Creature","5.49","4.08","4.98","3.92","0.07","0.36","16013","BLB","Bloomburrow"
"49","G,U","5","Aloy, Savior of Meridian","mythic","Creature","","41.0","","","","0","2026","SLD","Secret Lair Drop"
"50","G,U","2","Kinnan, Bonder Prodigy","mythic","Creature","18.99","13.09","18.51","10.06","0.02","2.15","16228","IKO","Ikoria: Lair of Behemoths"
"51","R,W,B","3","Zurgo Stormrender","mythic","Creature","3.49","4.2","3.55","4.95","","0.28","12173","TDC","Tarkir: Dragonstorm Commander"
"52","W,U,B","2","Hashaton, Scarab's Fist","mythic","Creature","0.99","1.19","1.06","1.07","3.2","0.67","18114","DRC","Aetherdrift Commander"
"53","U,B","4","Wilhelt, the Rotcleaver","mythic","Creature","7.99","8.35","9.25","0.82","3.4","0.52","20470","MIC","Midnight Hunt Commander"
"54","B,R,G","5","Korvold, Fae-Cursed King","mythic","Creature","1.99","1.25","2.13","2.12","0.02","1.65","17675","EOC","Edge of Eternities Commander"
"55","G,U,R","3","Animar, Soul of Elements","mythic","Creature","12.99","11.25","11.39","8.35","0.08","1.05","20297","2X2","Double Masters 2022"
"56","R,G","7","Etali, Primal Conqueror","rare","Creature","21.99","19.1","22.07","12.32","0.02","1.65","12229","MOM","March of the Machine"
"57","W,U,B,R","4","Breya, Etherium Shaper","mythic","Creature","0.99","0.5","1.06","0.35","0.02","0.24","18322","MH3","Modern Horizons 3"
"58","W,B,G","4","The Necrobloom","rare","Creature","0.49","0.35","0.53","0.02","0.02","0.65","19670","MH3","Modern Horizons 3"
"59","W,U,B,R,G","3","Esika, God of the Tree","mythic","Creature","18.99","14.5","19.94","9.68","0.02","1.15","21301","KHM","Kaldheim"
"60","B,G","5","Ygra, Eater of All","mythic","Creature","11.99","7.42","12.1","6.46","0.41","0.93","16183","BLB","Bloomburrow"
"61","B","7","K'rrik, Son of Yawgmoth","rare","Creature","1.49","0.86","1.42","0.56","0.02","1.28","17651","MH3","Modern Horizons 3"
"62","W,B","4","Teysa Karlov","rare","Creature","2.49","1.29","2.13","0.85","0.02","0.53","18329","CMM","Commander Masters"
"63","R,G,W,U","4","Aragorn, the Uniter","mythic","Creature","4.99","4.7","4.98","4.93","0.02","0.75","20427","LTR","The Lord of the Rings: Tales of Middle-earth"
"64","B,G","4","Meren of Clan Nel Toth","mythic","Creature","1.79","1.12","1.77","0.7","1.54","0.74","18703","TDC","Tarkir: Dragonstorm Commander"
"65","U,B","5","Captain N'ghathrod","mythic","Creature","7.99","8.87","8.54","0.31","3.06","0.6","15339","CLB","Commander Legends: Battle for Baldur's Gate"
"66","W,U,B","6","Oloro, Ageless Ascetic","mythic","Creature","12.99","14.29","12.81","10.04","0.03","1.14","16929","C13","Commander 2013"
"67","U,B,R","4","Fire Lord Azula","rare","Creature","4.99","9.2","3.55","6.56","","0","1739","TLA","Avatar: The Last Airbender"
"68","W,U","2","Hope Estheim","rare","Creature","0.49","0.43","0.35","0.26","0.02","0.76","9685","FIN","Final Fantasy"
"69","B,R,G","3","Henzie ""Toolbox"" Torre","mythic","Creature","0.99","0.6","1.06","0.06","4.22","0.69","17003","NCC","New Capenna Commander"
"70","U","4","Urza, Lord High Artificer","mythic","Creature","16.99","13.61","14.24","9.47","0.2","2.31","16769","CMM","Commander Masters"
"71","Colorless","6","Zhulodok, Void Gorger","mythic","Creature","29.99","32.33","35.61","28.48","4.26","1.37","19793","CMM","Commander Masters"
"72","G,W,U","2","Peter Parker","mythic","Creature","6.99","6.5","9.96","4.06","1.13","0.69","3004","SPM","Marvel's Spider-Man"
"73","U,R,W","4","Sonic the Hedgehog","mythic","Creature","2.79","3.33","3.55","1.98","","0.82","6048","SLD","Secret Lair Drop"
"74","G,U,R","3","Flubs, the Fool","mythic","Creature","2.29","2.54","2.49","0.61","5.25","0.56","17533","BLC","Bloomburrow Commander"
"75","R,G,W","8","Gishath, Sun's Avatar","mythic","Creature","5.99","5.0","4.98","3.24","0.02","0.93","21602","LCI","The Lost Caverns of Ixalan"
"76","R,W,B","3","Mr. House, President and CEO","mythic","Creature","0.99","0.6","1.06","1.63","2.31","0.88","19496","PIP","Fallout"
"77","W,U,B,R,G","3","Sisay, Weatherlight Captain","rare","Creature","1.79","2.0","2.13","1.2","0.02","0.98","15401","MH1","Modern Horizons"
"78","G,W,U","3","Helga, Skittish Seer","mythic","Creature","4.99","2.9","4.98","2.56","0.25","0.28","12882","BLB","Bloomburrow"
"79","U,R,W","3","Inspirit, Flagship Vessel","mythic","Artifact","0.99","0.75","1.06","0.69","6.49","0.44","5614","EOC","Edge of Eternities Commander"
"80","G,W,U","4","Choco, Seeker of Paradise","rare","Creature","0.49","0.62","0.35","0.41","0.02","0.43","10812","FIN","Final Fantasy"
"81","U,R","3","Ghyrson Starn, Kelermorph","rare","Creature","44.99","37.0","46.29","26.18","9.51","1.11","18255","40K","Warhammer 40,000 Commander"
"82","W,U,B","5","Marneus Calgar","mythic","Creature","10.99","9.41","11.39","3.72","","0.87","14134","40K","Warhammer 40,000 Commander"
"83","B,R","4","Shadow the Hedgehog","mythic","Creature","7.49","5.9","7.12","5.35","","1.02","6775","SLD","Secret Lair Drop"
"84","W,B,G","5","Betor, Ancestor's Voice","mythic","Creature","1.49","2.21","1.42","2.23","","0.38","9440","TDC","Tarkir: Dragonstorm Commander"
"85","B,G,U","4","Kotis, the Fangkeeper","rare","Creature","0.49","0.37","0.35","0.18","0.02","0.84","11734","TDM","Tarkir: Dragonstorm"
"86","W,U,B,R,G","4","Go-Shintai of Life's Origin","mythic","Creature","5.99","5.63","5.69","5.17","14.69","0.55","17116","NEC","Neon Dynasty Commander"
"87","U,B,R","5","Dr. Eggman","mythic","Creature","2.79","2.0","3.55","1.26","","0.71","6175","SLD","Secret Lair Drop"
"88","W,U","4","Shorikai, Genesis Engine","mythic","Artifact","3.49","2.75","4.27","2.73","6.62","0.57","19744","NEC","Neon Dynasty Commander"
"89","R","5","Jaws, Relentless Predator","mythic","Creature","","159.99","","","","0","1589","SLD","Secret Lair Drop"
"90","R,G,W","4","Toph, the First Metalbender","rare","Creature","7.99","15.75","5.69","16.45","","0","3444","TLA","Avatar: The Last Airbender"
"91","R,G,W","4","Rin and Seri, Inseparable","mythic","Creature","11.99","14.26","32.05","5.64","0.02","0.5","19425","SLD","Secret Lair Drop"
"92","R,G,W","5","Voja, Jaws of the Conclave","mythic","Creature","11.99","8.38","9.96","","","1.68","19361","MKM","Murders at Karlov Manor"
"93","R,G,W","4","Atla Palani, Nest Tender","mythic","Creature","0.79","0.9","0.71","0.46","0.25","0.55","17505","DMC","Dominaria United Commander"
"94","U,R,W","3","Zinnia, Valley's Voice","mythic","Creature","0.99","0.33","0.71","0.57","","0.73","13789","BLC","Bloomburrow Commander"
"95","U,B","4","Alela, Cunning Conqueror","mythic","Creature","11.99","8.01","12.81","5.3","3.07","0.8","14632","WOC","Wilds of Eldraine Commander"
"96","R","3","Kratos, God of War","mythic","Creature","","92.98","","","","0","1592","SLD","Secret Lair Drop"
"97","W,U,B,R,G","5","The First Sliver","mythic","Creature","34.99","29.89","35.61","19.44","0.02","1.66","15826","MH1","Modern Horizons"
"98","G,U,R","5","Xyris, the Writhing Storm","mythic","Creature","0.99","1.17","1.06","0.56","0.88","0.5","16419","DMC","Dominaria United Commander"
"99","R,W","2","Arabella, Abandoned Doll","uncommon","Creature","0.49","0.36","0.53","0.29","0.03","0.55","14996","DSK","Duskmourn: House of Horror"
"100","B,G,U","4","Zaxara, the Exemplary","mythic","Creature","0.99","1.15","1.06","0.49","3.53","0.41","16016","DMC","Dominaria United Commander"
"101","W,U,B,R","5","Kraum, Ludevic's Opus // Tymna the Weaver","rare","Creature","7.49","5.46","6.4","3.02","0.4","0.67","1302","C16","Commander 2016"
"102","G,W,U,B","7","Atraxa, Grand Unifier","mythic","Creature","16.99","13.03","17.78","16.08","9.62","1.55","1299","ONE","Phyrexia: All Will Be One"
"103","R","2","Magda, Brazen Outlaw","rare","Creature","2.49","1.44","1.42","0.66","0.02","0.82","1291","KHM","Kaldheim"
"104","W,B,G","4","Felothar the Steadfast","mythic","Creature","0.99","0.82","1.06","0.62","","0.33","1287","TDC","Tarkir: Dragonstorm Commander"
"105","G,W,U","4","Arcades, the Strategist","mythic","Creature","2.29","2.14","1.77","1.85","0.02","0.82","1285","M19","Core Set 2019"
"106","W,U,B","6","Urza, Chief Artificer","mythic","Creature","0.99","1.23","1.06","1.12","2.34","0.69","1283","BRC","The Brothers' War Commander"
"107","W,U,B,R,G","5","Tom Bombadil","mythic","Creature","4.49","3.1","4.26","2.56","0.02","0.43","1278","LTR","The Lord of the Rings: Tales of Middle-earth"
"108","G,U,R","3","Eshki, Temur's Roar","mythic","Creature","0.99","1.38","1.42","1.83","","0.48","1276","TDC","Tarkir: Dragonstorm Commander"
"109","G","2","Tifa Lockhart","rare","Creature","3.49","4.0","3.55","3.48","0.17","1.1","1269","FIN","Final Fantasy"
"110","W,U,B","4","Sidar Jabari of Zhalfir","mythic","Creature","0.99","0.5","0.7","0.28","2.03","0.63","1237","MOC","March of the Machine Commander"
"111","W,B","7","Mister Negative","mythic","Creature","2.99","1.85","2.84","1.68","0.59","0.82","1229","SPM","Marvel's Spider-Man"
"112","R,G,W,U","4","Omnath, Locus of Creation","mythic","Creature","2.99","3.0","2.84","2.62","0.74","1.02","1225","ZNR","Zendikar Rising"
"113","R,W,B","4","Queen Marchesa","rare","Creature","0.79","0.54","1.06","0.49","1.71","0.37","1224","OTC","Outlaws of Thunder Junction Commander"
"114","G,U","4","Zimone, Mystery Unraveler","mythic","Creature","0.99","0.46","1.06","0.44","","0.36","1219","DSC","Duskmourn: House of Horror Commander"
"115","W,B","3","Eriette of the Charmed Apple","mythic","Creature","2.79","0.99","2.84","1.6","0.02","0.49","1212","WOE","Wilds of Eldraine"
"116","R,W","3","Lightning, Army of One","mythic","Creature","13.99","12.01","14.23","11.9","0.09","0.79","1208","FIN","Final Fantasy"
"117","U,R,W","2","Gwen Stacy","mythic","Creature","4.99","4.07","6.4","2.5","0.7","0.39","1191","SPM","Marvel's Spider-Man"
"118","U,B","5","Umbris, Fear Manifest","mythic","Creature","14.99","9.99","11.38","5.18","0.2","0.14","1181","VOC","Crimson Vow Commander"
"119","G,U","6","Aesi, Tyrant of Gyre Strait","mythic","Creature","10.99","9.21","17.78","11.32","20.05","1.13","1181","DSC","Duskmourn: House of Horror Commander"
"120","R","4","Tannuk, Steadfast Second","mythic","Creature","3.99","4.0","4.26","3.45","0.09","0.67","1174","EOE","Edge of Eternities"
"121","U,B,R","6","Be'lakor, the Dark Master","mythic","Creature","2.49","3.62","2.48","4.73","0.9","0.24","1173","40K","Warhammer 40,000 Commander"
"122","W,U,B,R,G","2","Ezio Auditore da Firenze","mythic","Creature","5.99","3.85","5.69","6.53","0.02","0.62","1171","ACR","Assassin's Creed"
"123","G,W,U","5","Galadriel, Light of Valinor","mythic","Creature","18.99","13.99","19.92","13.33","1.12","0.56","1152","LTC","Tales of Middle-earth Commander"
"124","R,G","3","Tannuk, Memorial Ensign","uncommon","Creature","0.69","0.31","0.7","0.34","0.04","0.31","1146","EOE","Edge of Eternities"
"125","W,U,B","4","Alela, Artful Provocateur","mythic","Creature","0.99","0.49","1.06","0.4","0.02","0.5","1146","NCC","New Capenna Commander"
"126","W,U","4","Brago, King Eternal","rare","Creature","2.99","2.51","2.84","1.59","0.02","0.98","1145","KHC","Kaldheim Commander"
"127","U,R,W","5","Éowyn, Shieldmaiden","mythic","Creature","0.99","0.37","0.7","0.41","1.23","0.19","1128","LTC","Tales of Middle-earth Commander"
"128","R,W,B","4","Celes, Rune Knight","mythic","Creature","0.99","0.45","1.06","1.43","1.28","0.29","1118","FIC","Final Fantasy Commander"
"129","W,U,B","4","Zur the Enchanter","rare","Creature","1.29","0.53","1.42","0.38","0.02","1.16","1090","DMR","Dominaria Remastered"
"130","U,B,R","4","Obeka, Splitter of Seconds","rare","Creature","0.49","0.29","0.53","0.25","0.02","0.61","1083","OTJ","Outlaws of Thunder Junction"
"131","R,G,W","2","Miles Morales","mythic","Creature","7.99","6.36","10.67","3.66","0.47","0.88","1065","SPM","Marvel's Spider-Man"
"132","W,U","2","Mendicant Core, Guidelight","rare","Creature","1.49","1.14","1.42","0.41","0.02","0.46","1062","DFT","Aetherdrift"
"133","R,G,W","3","Rocco, Street Chef","rare","Creature","0.49","0.4","0.53","0.21","0.02","0.05","1056","MAT","March of the Machine: The Aftermath"
"134","B,R,G","5","Szarel, Genesis Shepherd","mythic","Creature","0.99","0.53","1.06","0.64","7.23","0.3","1055","EOC","Edge of Eternities Commander"
"135","R,G","3","Tovolar, Dire Overlord","rare","Creature","0.99","0.69","1.06","0.47","0.02","0.38","1054","MID","Innistrad: Midnight Hunt"
"136","W,U,B","4","Aminatou, Veil Piercer","mythic","Creature","0.99","0.5","1.06","0.59","2.0","0.43","1052","DSC","Duskmourn: House of Horror Commander"
"137","U,R,W","4","Satya, Aetherflux Genius","mythic","Creature","0.99","0.26","1.06","0.17","0.03","0.36","1050","M3C","Modern Horizons 3 Commander"
"138","U,B","3","Satoru Umezawa","rare","Creature","0.99","0.5","0.7","0.24","0.02","0.8","1046","NEO","Kamigawa: Neon Dynasty"
"139","W,U,B,R,G","3","Urtet, Remnant of Memnarch","mythic","Creature","2.79","2.16","2.48","1.67","8.6","0.47","1043","ONC","Phyrexia: All Will Be One Commander"
"140","U,B,R","5","Inalla, Archmage Ritualist","mythic","Creature","2.49","3.53","2.48","1.09","1.35","0.93","1042","C17","Commander 2017"
"141","G,W","2","Sythis, Harvest's Hand","rare","Creature","3.99","2.74","3.55","2.13","0.02","0.97","1040","CMM","Commander Masters"
"142","U,R,W","4","Kykar, Wind's Fury","rare","Creature","0.59","0.45","0.53","0.35","0.02","0.57","1039","CMM","Commander Masters"
"143","W,U,B,R,G","5","Infinite Guideline Station","rare","Artifact","0.49","0.3","0.53","0.11","0.02","0.21","1039","EOE","Edge of Eternities"
"144","U","4","Eluge, the Shoreless Sea","mythic","Creature","5.49","2.48","5.69","1.85","0.03","0.74","1035","BLB","Bloomburrow"
"145","U,B","5","Lord of the Nazgûl","rare","Creature","2.79","1.37","2.48","2.21","2.56","0.39","1024","LTC","Tales of Middle-earth Commander"
"146","U,B,R","4","Marchesa, the Black Rose","rare","Creature","1.79","1.45","1.42","0.85","0.02","0.7","1009","2X2","Double Masters 2022"
"147","U,R,W","3","Captain America, First Avenger","mythic","Creature","42.99","46.0","42.69","26.36","","0.9","1006","SLD","Secret Lair Drop"
"148","U,R","6","Niv-Mizzet, Parun","rare","Creature","4.99","4.12","4.97","1.34","0.02","1.27","1002","OTC","Outlaws of Thunder Junction Commander"
"149","W,U,B,R,G","3","Najeela, the Blade-Blossom","mythic","Creature","8.99","9.83","7.11","3.69","0.3","1.29","1000","BBD","Battlebond"
"150","G,U","3","Omo, Queen of Vesuva","mythic","Creature","0.99","0.3","1.06","0.35","0.03","0.43","990","M3C","Modern Horizons 3 Commander"
"151","B,R","4","Deadpool, Trading Card","mythic","Creature","17.99","17.74","18.5","16.18","","1.9","990","SLD","Secret Lair Drop"
"152","B,R","4","Prosper, Tome-Bound","mythic","Creature","7.49","6.38","8.53","10.13","7.79","0.82","985","AFC","Forgotten Realms Commander"
"153","U,B","5","The Scarab God","mythic","Creature","8.49","6.81","8.53","4.94","0.02","0.76","980","CMM","Commander Masters"
"154","G","2","Fynn, the Fangbearer","uncommon","Creature","0.35","0.25","0.21","0.11","0.03","1.15","969","FDN","Foundations"
"155","U,B","2","Golbez, Crystal Collector","rare","Creature","0.59","0.48","0.53","0.41","0.02","0.14","961","FIN","Final Fantasy"
"156","B","5","Gwenom, Remorseless","mythic","Creature","9.99","8.0","14.23","7.51","0.43","0.97","959","SPM","Marvel's Spider-Man"
"157","W,B","5","Liesa, Shroud of Dusk","rare","Creature","0.99","0.75","1.06","0.59","4.74","0.8","958","CMR","Commander Legends"
"158","W,U,B,R,G","5","Omnath, Locus of All","rare","Creature","0.49","0.4","0.35","0.13","0.02","0.53","958","MOM","March of the Machine"
"159","B,G","6","Shelob, Child of Ungoliant","rare","Creature","3.99","4.28","4.26","0.63","0.02","0.4","950","LTR","The Lord of the Rings: Tales of Middle-earth"
"160","W,U,B","6","Tivit, Seller of Secrets","mythic","Creature","3.49","2.99","3.55","2.95","13.79","1.25","944","NCC","New Capenna Commander"
"161","G,U,R","4","Magus Lucea Kane","mythic","Creature","3.49","1.92","3.2","3.98","","0.56","944","40K","Warhammer 40,000 Commander"
"162","W,U,B","3","Sefris of the Hidden Ways","mythic","Creature","0.99","0.66","1.06","0.43","6.61","0.47","940","AFC","Forgotten Realms Commander"
"163","W,U,B","5","Temmet, Naktamun's Will","mythic","Creature","0.99","0.5","1.06","0.5","","0.3","939","DRC","Aetherdrift Commander"
"164","W,B,G","5","Anikthea, Hand of Erebos","mythic","Creature","3.99","5.17","4.26","2.98","1.48","0.39","933","CMM","Commander Masters"
"165","R,W","4","Winota, Joiner of Forces","mythic","Creature","4.99","4.97","4.26","2.08","0.12","1.85","923","IKO","Ikoria: Lair of Behemoths"
"166","B,R,G","5","Disa the Restless","mythic","Creature","0.99","0.25","0.7","0.16","0.02","0.52","916","M3C","Modern Horizons 3 Commander"
"167","W,U,B","4","Varina, Lich Queen","rare","Creature","5.49","3.74","4.26","0.34","0.22","0.44","910","2X2","Double Masters 2022"
"168","W,U,B,R,G","5","Marina Vendrell","rare","Creature","0.49","0.25","0.35","0.15","0.02","0.13","889","DSK","Duskmourn: House of Horror"
"169","R,W,B","4","Dihada, Binder of Wills","mythic","Planeswalker","16.99","16.89","17.07","13.63","5.22","0.68","888","DMC","Dominaria United Commander"
"170","W,U,B,R,G","10","Reaper King","rare","Creature","11.99","12.39","10.67","3.62","0.02","0.9","887","SHM","Shadowmoor"
"171","W,U,B,R,G","3","Azlask, the Swelling Scourge","mythic","Creature","0.99","0.4","1.06","0.39","0.03","0.78","887","M3C","Modern Horizons 3 Commander"
"172","W,U","4","Niko, Light of Hope","mythic","Creature","0.99","0.49","0.7","0.19","0.02","0.26","878","DSK","Duskmourn: House of Horror"
"173","W,U,B,R,G","7","Morophon, the Boundless","mythic","Creature","6.49","5.99","6.4","3.88","0.02","0.67","876","CMM","Commander Masters"
"174","U,B","4","Vren, the Relentless","rare","Creature","0.59","0.51","0.53","0.32","0.02","0.5","875","BLB","Bloomburrow"
"175","B,R","4","Ob Nixilis, Captive Kingpin","mythic","Creature","11.99","7.3","9.24","9.03","0.02","0.76","868","MAT","March of the Machine: The Aftermath"
"176","B,G,U","5","Yarok, the Desecrated","mythic","Creature","4.99","3.33","4.97","1.88","0.02","0.72","866","M20","Core Set 2020"
"177","R,G","3","Kibo, Uktabi Prince","mythic","Creature","3.49","4.87","3.55","0.86","","0.43","864","J22","Jumpstart 2022"
"178","G,U,R","0.0","Rograkh, Son of Rohgahh // Thrasios, Triton Hero","uncommon","Creature","2.49","1.35","2.48","1.3","1.79","0.66","858","CMR","Commander Legends"
"179","W","2","Light-Paws, Emperor's Voice","rare","Creature","2.79","1.0","2.84","1.18","0.03","1.17","856","NEO","Kamigawa: Neon Dynasty"
"180","B,G","4","Hazel of the Rootbloom","mythic","Creature","0.99","1.36","1.06","4.36","","0.31","855","BLC","Bloomburrow Commander"
"181","B","5","Marrow-Gnawer","rare","Creature","13.99","9.69","14.23","0.56","0.02","0.58","851","CHK","Champions of Kamigawa"
"182","G,W,U,B","2","Thrasios, Triton Hero // Tymna the Weaver","rare","Creature","22.99","20.2","19.21","15.16","1.62","1.34","843","C16","Commander 2016"
"183","U,R","3","Stella Lee, Wild Card","mythic","Creature","4.99","6.75","4.97","2.3","","0.98","839","OTC","Outlaws of Thunder Junction Commander"
"184","U,B,R","5","Edward Kenway","mythic","Creature","7.99","5.94","7.11","8.54","0.02","0.4","834","ACR","Assassin's Creed"
"185","G,W,U","4","Yuna, Grand Summoner","mythic","Creature","0.99","1.0","1.06","1.83","1.61","0.39","832","FIC","Final Fantasy Commander"
"186","W,U,B,R,G","5","Sliver Overlord","rare","Creature","34.99","36.94","42.69","19.58","0.02","1.27","829","SCG","Scourge"
"187","W,U","4","Hylda of the Icy Crown","mythic","Creature","4.49","1.64","4.26","1.4","0.02","0.58","828","WOE","Wilds of Eldraine"
"188","R,G,W,U","4","Kynaios and Tiro of Meletis","mythic","Creature","9.49","8.27","9.24","5.49","2.86","0.05","826","C16","Commander 2016"
"189","W,B,G","4","Thalia and The Gitrog Monster","mythic","Creature","4.99","4.37","4.97","3.04","0.03","1.01","824","MOM","March of the Machine"
"190","W,B","3","Clavileño, First of the Blessed","mythic","Creature","0.99","0.4","1.06","0.59","0.22","0.36","821","LCC","The Lost Caverns of Ixalan Commander"
"191","U,B,R","4","Wick, the Whorled Mind","rare","Creature","0.49","0.25","0.35","0.13","0.02","0.47","820","BLB","Bloomburrow"
"192","U,B","4","Jon Irenicus, Shattered One","rare","Creature","0.49","0.25","0.35","0.16","3.74","0.78","816","CLB","Commander Legends: Battle for Baldur's Gate"
"193","B,G","5","Rendmaw, Creaking Nest","mythic","Creature","0.99","0.6","1.06","0.5","","0.36","813","DSC","Duskmourn: House of Horror Commander"
"194","U,R,W","4","Zedruu the Greathearted","mythic","Creature","2.79","2.09","2.48","0.98","1.11","0.94","812","C16","Commander 2016"
"195","W,U,B","3","Raffine, Scheming Seer","mythic","Creature","3.49","2.45","2.84","3.37","0.11","0.36","811","SNC","Streets of New Capenna"
"196","B,R","5","Judith, Carnage Connoisseur","rare","Creature","0.69","0.36","0.7","0.2","0.02","0.62","809","MKM","Murders at Karlov Manor"
"197","W,U,B,R,G","7","Tiamat","mythic","Creature","17.99","19.5","17.78","18.14","0.02","0.96","805","AFR","Adventures in the Forgotten Realms"
"198","U,R,W","4","Shiko and Narset, Unified","mythic","Creature","0.99","0.55","1.06","1.0","","0.29","805","TDC","Tarkir: Dragonstorm Commander"
"199","U,R","7","Ovika, Enigma Goliath","rare","Creature","0.49","0.33","0.53","0.17","0.02","0.47","799","FDN","Foundations"
"200","G","6","Lumra, Bellow of the Woods","mythic","Creature","44.99","28.89","46.25","24.01","0.39","0.71","793","BLB","Bloomburrow"
"201","U,B,R","4","Saruman, the White Hand","mythic","Creature","0.99","0.5","1.06","0.81","1.74","0.3","789","LTC","Tales of Middle-earth Commander"
"202","G,U,R","4","Storm, Force of Nature","mythic","Creature","24.99","33.95","28.46","32.61","","1.91","782","SLD","Secret Lair Drop"
"203","R","4","Zada, Hedron Grinder","uncommon","Creature","0.35","0.24","0.35","0.1","0.02","0.77","777","CMM","Commander Masters"
"204","U,R","4","Captain Howler, Sea Scourge","rare","Creature","0.99","0.37","1.06","0.22","0.02","0.29","776","DFT","Aetherdrift"
"205","R,W","3","Feather, the Redeemed","rare","Creature","0.99","0.75","1.06","0.32","0.02","0.9","775","WAR","War of the Spark"
"206","B","4","Sheoldred, the Apocalypse","mythic","Creature","84.99","60.0","78.28","56.26","7.44","2.03","774","DMU","Dominaria United"
"207","R","4","Ojer Axonil, Deepest Might","mythic","Creature","21.99","20.36","22.05","13.03","0.46","0.73","772","LCI","The Lost Caverns of Ixalan"
"208","B","5","Tergrid, God of Fright","rare","Creature","24.99","18.05","24.19","7.99","0.02","2.8","772","KHM","Kaldheim"
"209","B","2","Tinybones, Bauble Burglar","rare","Creature","2.49","1.27","2.48","0.68","0.02","0.85","770","FDN","Foundations"
"210","U,B","3","Mirko, Obsessive Theorist","mythic","Creature","0.99","0.36","0.7","0.77","1.85","0.65","769","MKC","Murders at Karlov Manor Commander"
"211","R,G,W","3","Rocco, Cabaretti Caterer","uncommon","Creature","0.35","0.2","0.21","0.1","0.03","0.61","768","SNC","Streets of New Capenna"
"212","R,W","3","The Jolly Balloon Man","rare","Creature","0.59","0.6","0.53","0.21","0.02","0.39","767","DSK","Duskmourn: House of Horror"
"213","R,G","3","Wolverine, Best There Is","mythic","Creature","39.99","40.0","42.69","19.65","","1.09","765","SLD","Secret Lair Drop"
"214","B,G,U","5","Gonti, Canny Acquisitor","mythic","Creature","0.99","0.75","1.06","0.61","5.2","0.59","764","OTC","Outlaws of Thunder Junction Commander"
"215","B,R,G","5","Lord Windgrace","mythic","Planeswalker","21.99","17.63","18.5","15.99","3.04","0.71","755","C18","Commander 2018"
"216","G,U","4","Volo, Guide to Monsters","rare","Creature","0.49","0.35","0.53","0.29","0.02","0.45","753","AFR","Adventures in the Forgotten Realms"
"217","G,W,U","3","Derevi, Empyrial Tactician","mythic","Creature","5.99","7.11","6.4","2.42","5.83","1.42","746","CMA","Commander Anthology"
"218","U,R","3","Veyran, Voice of Duality","mythic","Creature","7.99","5.69","8.53","3.89","4.62","0.73","739","TDC","Tarkir: Dragonstorm Commander"
"219","U,R,W","4","Narset, Enlightened Exile","mythic","Creature","10.99","8.22","12.09","6.74","0.02","0.78","737","MAT","March of the Machine: The Aftermath"
"220","G","4","Kona, Rescue Beastie","rare","Creature","2.49","1.27","2.48","0.71","0.02","0.71","730","DSK","Duskmourn: House of Horror"
"221","G","3","Shroofus Sproutsire","rare","Creature","8.49","5.7","8.53","5.59","3.29","0.3","730","J25","Foundations Jumpstart"
"222","U,R,W","3","Elsha, Threefold Master","mythic","Creature","0.99","0.66","1.06","0.75","","0.2","726","TDC","Tarkir: Dragonstorm Commander"
"223","B,R,G","3","Indoraptor, the Perfect Hybrid","rare","Creature","16.99","13.0","17.07","10.85","4.27","0.72","725","REX","Jurassic World Collection"
"224","U","1","Lady Octopus, Inspired Inventor","rare","Creature","0.49","0.99","1.42","1.1","0.15","0.63","719","SPM","Marvel's Spider-Man"
"225","B,G","5","The Gitrog Monster","mythic","Creature","1.79","0.82","1.42","1.52","0.02","0.88","716","EOC","Edge of Eternities Commander"
"226","U,B,R","0.0","Rograkh, Son of Rohgahh // Silas Renn, Seeker Adept","uncommon","Creature","2.49","1.35","2.48","1.3","1.79","0.66","713","CMR","Commander Legends"
"227","U","3","The Mindskinner","rare","Creature","1.99","1.57","2.13","0.54","0.02","0.75","711","DSK","Duskmourn: House of Horror"
"228","B,R,G","4","Yurlok of Scorch Thrash","rare","Creature","0.49","0.4","0.53","0.23","1.75","0.82","709","CMR","Commander Legends"
"229","W,U,B,R,G","6","Ramos, Dragon Engine","mythic","Creature","2.99","2.34","2.84","2.18","0.02","0.47","709","FDN","Foundations"
"230","W,U","4","Grand Arbiter Augustin IV","rare","Creature","15.99","15.09","14.23","4.96","0.02","2.58","701","2X2","Double Masters 2022"
"231","R,G","4","Minsc & Boo, Timeless Heroes","mythic","Planeswalker","3.99","2.17","3.55","3.13","5.81","0.54","700","CLB","Commander Legends: Battle for Baldur's Gate"
"232","B,R","3","Rowan, Scion of War","mythic","Creature","0.99","0.49","0.7","0.53","0.02","0.43","695","WOE","Wilds of Eldraine"
"233","W,B","3","Ketramose, the New Dawn","mythic","Creature","12.99","10.69","13.51","11.95","1.84","0.85","690","DFT","Aetherdrift"
"234","R","1","Norin the Wary","rare","Creature","6.49","5.85","14.23","3.6","0.02","0.8","689","TSP","Time Spiral"
"235","W,B","5","Shilgengar, Sire of Famine","rare","Creature","0.49","0.35","0.35","0.11","0.02","0.95","688","MH3","Modern Horizons 3"
"236","R,G","5","Xenagos, God of Revels","mythic","Creature","4.49","3.14","4.97","5.51","0.02","0.65","688","LCC","The Lost Caverns of Ixalan Commander"
"237","G,W","5","Arahbo, Roar of the World","mythic","Creature","27.99","24.37","24.9","","0.98","0.71","687","C17","Commander 2017"
"238","B,R,G","6","Ziatora, the Incinerator","mythic","Creature","0.99","0.37","1.06","0.36","0.02","0.35","687","SNC","Streets of New Capenna"
"239","B,R","4","Rakdos, Lord of Riots","mythic","Creature","0.99","0.5","1.06","0.75","0.02","0.46","686","DSC","Duskmourn: House of Horror Commander"
"240","U,B,R","4","Nicol Bolas, the Ravager","mythic","Creature","23.99","19.99","22.77","11.89","0.02","0.77","684","M19","Core Set 2019"
"241","W,U,B","4","Noctis, Prince of Lucis","rare","Creature","0.49","0.39","0.35","0.28","0.02","0.5","683","FIN","Final Fantasy"
"242","W","2","Cloud, Midgar Mercenary","mythic","Creature","37.99","27.1","39.13","25.05","0.73","0.85","677","FIN","Final Fantasy"
"243","B","3","Braids, Arisen Nightmare","rare","Creature","4.49","2.35","4.26","2.85","0.02","1.05","675","EOC","Edge of Eternities Commander"
"244","U,R","5","Alania, Divergent Storm","rare","Creature","0.49","0.25","0.35","0.19","0.02","0.27","674","BLB","Bloomburrow"
"245","W,B,G","4","Tayam, Luminous Enigma","mythic","Creature","0.99","1.08","1.06","1.37","3.31","0.16","671","C20","Commander 2020"
"246","U,B","5","Marvo, Deep Operative","mythic","Creature","0.99","0.36","0.7","0.96","2.89","0.13","669","MKC","Murders at Karlov Manor Commander"
"247","B,G","3","The Mycotyrant","mythic","Creature","1.79","0.67","1.42","0.9","0.02","0.27","663","LCI","The Lost Caverns of Ixalan"
"248","U,B,R,G","4","Yidris, Maelstrom Wielder","mythic","Creature","7.49","6.99","7.11","4.34","1.28","0.57","661","C16","Commander 2016"
"249","R,G,W","4","Tifa, Martial Artist","mythic","Creature","0.99","1.24","1.06","1.66","1.5","0.56","659","FIC","Final Fantasy Commander"
"250","B,R,G","4","Coram, the Undertaker","mythic","Creature","0.99","0.28","1.06","0.24","0.02","0.45","657","M3C","Modern Horizons 3 Commander"
"251","R,W,B","3","Vihaan, Goldwaker","mythic","Creature","0.99","0.54","1.06","1.21","3.5","0.07","657","OTC","Outlaws of Thunder Junction Commander"
"252","R","6","Clive, Ifrit's Dominant","mythic","Creature","3.99","4.0","4.26","3.55","0.02","0.27","654","FIN","Final Fantasy"
"253","G,U,R","4","Saheeli, Radiant Creator","mythic","Creature","0.99","0.29","1.06","0.21","","0.36","653","DRC","Aetherdrift Commander"
"254","W,B","4","Squall, SeeD Mercenary","rare","Creature","0.79","1.0","0.7","0.71","0.02","0.34","651","FIN","Final Fantasy"
"255","W,U,B,R,G","5","Child of Alara","rare","Creature","0.79","0.97","0.7","0.4","0.02","1.23","651","2X2","Double Masters 2022"
"256","B,R,G","3","Slimefoot and Squee","mythic","Creature","2.99","1.92","2.84","1.8","7.38","0.76","649","MOC","March of the Machine Commander"
"257","W,B,G","5","Betor, Kin to All","mythic","Creature","4.49","3.24","4.97","4.16","0.14","0.5","647","TDM","Tarkir: Dragonstorm"
"258","U","4","Orvar, the All-Form","mythic","Creature","2.99","2.55","3.2","3.38","0.58","0.83","647","KHM","Kaldheim"
"259","U,R","4","Bria, Riptide Rogue","mythic","Creature","22.99","13.03","23.48","","","0.63","643","BLB","Bloomburrow"
"260","U,B,R","3","Goro-Goro and Satoru","mythic","Creature","1.99","1.32","2.13","0.79","2.12","0.43","638","MOC","March of the Machine Commander"
"261","R,G,W","4","Shalai and Hallar","mythic","Creature","3.49","5.02","3.55","2.83","3.68","0.36","637","MOC","March of the Machine Commander"
"262","G,W","4","Ellivere of the Wild Court","mythic","Creature","0.99","0.5","1.06","0.44","2.45","0.36","637","WOC","Wilds of Eldraine Commander"
"263","B,G","2","Skullbriar, the Walking Grave","rare","Creature","1.49","1.36","1.06","0.66","0.02","0.32","631","2X2","Double Masters 2022"
"264","R,G","5","Roxanne, Starfall Savant","rare","Creature","0.49","0.5","0.53","0.61","0.02","0.47","631","OTJ","Outlaws of Thunder Junction"
"265","R,W,B","6","Syr Gwyn, Hero of Ashvale","mythic","Creature","0.99","1.96","1.06","2.12","0.02","0.29","629","ELD","Throne of Eldraine"
"266","G,U","5","Tatyova, Benthic Druid","uncommon","Creature","0.35","0.21","0.21","0.11","0.03","0.82","628","FDN","Foundations"
"267","W,B","2","Syr Vondam, Sunstar Exemplar","rare","Creature","0.49","0.65","0.53","0.37","0.02","0.19","626","EOE","Edge of Eternities"
"268","W,U,B","5","Arna Kennerüd, Skycaptain","mythic","Creature","0.99","0.5","0.7","0.36","0.02","0.42","622","MH3","Modern Horizons 3"
"269","G","3","Omnath, Locus of Mana","mythic","Creature","3.99","3.17","3.55","1.6","0.02","0.5","619","CMM","Commander Masters"
"270","R,G","7","Omnath, Locus of Rage","mythic","Creature","0.99","0.48","1.06","0.56","0.02","0.57","619","EOC","Edge of Eternities Commander"
"271","U,B,R","5","Mishra, Eminent One","mythic","Creature","0.99","0.45","0.7","0.45","0.51","0.4","618","BRC","The Brothers' War Commander"
"272","G,U,R","8","Maelstrom Wanderer","rare","Creature","2.29","1.49","2.13","1.35","1.41","0.65","616","CMM","Commander Masters"
"273","R,G,W","8","Yuma, Proud Protector","mythic","Creature","0.99","0.49","1.06","0.49","11.0","0.42","614","OTC","Outlaws of Thunder Junction Commander"
"274","U,B,R","4","Kess, Dissident Mage","mythic","Creature","3.49","1.85","3.55","1.16","0.02","0.55","609","NCC","New Capenna Commander"
"275","R,G,W","3","Hazezon, Shaper of Sand","rare","Creature","0.49","0.25","0.53","0.18","0.22","0.53","609","OTC","Outlaws of Thunder Junction Commander"
"276","U,R","5","Okaun, Eye of Chaos // Zndrsplt, Eye of Wisdom","rare","Creature","3.49","2.67","22.05","1.94","1.14","0.07","607","BBD","Battlebond"
"277","U,B","5","Phenax, God of Deception","mythic","Creature","13.99","12.51","12.8","9.1","0.02","0.71","607","BNG","Born of the Gods"
"278","U,B,R","5","Admiral Brass, Unsinkable","mythic","Creature","0.99","0.27","0.7","0.2","0.02","0.38","603","LCC","The Lost Caverns of Ixalan Commander"
"279","B,G","4","Jenova, Ancient Calamity","rare","Creature","0.99","0.9","1.06","0.44","0.02","0.33","602","FIN","Final Fantasy"
"280","R,W,B","3","Fire Lord Zuko","rare","Creature","2.99","8.92","2.84","11.99","","0","601","TLA","Avatar: The Last Airbender"
"281","G","12","Ghalta, Primal Hunger","rare","Creature","0.79","0.59","10.67","0.6","0.02","0.44","601","FDN","Foundations"
"282","B","4","Imotekh the Stormlord","mythic","Creature","6.99","6.51","8.53","4.99","","0.28","601","40K","Warhammer 40,000 Commander"
"283","Colorless","5","Ultima, Origin of Oblivion","rare","Creature","0.49","1.06","0.53","0.83","0.02","0.6","598","FIN","Final Fantasy"
"284","R,G,W","3","Dogmeat, Ever Loyal","mythic","Creature","0.99","0.5","1.06","2.54","5.0","0.77","598","PIP","Fallout"
"285","R,G","4","Raggadragga, Goreguts Boss","rare","Creature","0.49","0.25","0.35","0.06","","0.25","596","CLB","Commander Legends: Battle for Baldur's Gate"
"286","G,W,U","4","Brenard, Ginger Sculptor","mythic","Creature","0.99","0.78","1.06","1.16","0.23","0.13","595","PLST","The List"
"287","B,G","2","Dina, Soul Steeper","uncommon","Creature","0.35","0.25","0.35","0.12","0.03","0.4","592","STX","Strixhaven: School of Mages"
"288","R,G,W","4","Jetmir, Nexus of Revels","mythic","Creature","9.99","6.64","24.19","4.34","0.02","0.89","590","SNC","Streets of New Capenna"
"289","B","4","Yawgmoth, Thran Physician","mythic","Creature","18.99","14.71","17.07","15.28","1.17","1.15","588","DMR","Dominaria Remastered"
"290","W,B","2","Elas il-Kor, Sadistic Pilgrim","uncommon","Creature","1.79","0.58","1.77","0.5","0.03","0.43","587","DMU","Dominaria United"
"291","G","2","Bristly Bill, Spine Sower","mythic","Creature","47.99","41.0","46.25","27.43","4.03","0.96","583","OTJ","Outlaws of Thunder Junction"
"292","B,G,U","4","Sidisi, Brood Tyrant","rare","Creature","1.29","1.0","1.42","0.48","0.02","0.37","582","CMM","Commander Masters"
"293","G","3","Marwyn, the Nurturer","rare","Creature","2.99","2.05","2.84","2.24","0.02","0.55","580","KHC","Kaldheim Commander"
"294","B,R,G","2","Ellie, Brick Master // Joel, Resolute Survivor","mythic","Creature","","51.75","","","","0","579","SLD","Secret Lair Drop"
"295","R","3","Electro, Assaulting Battery","rare","Creature","2.99","3.38","4.97","2.8","0.02","0.86","578","SPM","Marvel's Spider-Man"
"296","W,B","3","Ardbert, Warrior of Darkness","rare","Creature","0.99","0.34","1.06","0.45","2.42","0.42","578","FIC","Final Fantasy Commander"
"297","B,R,G,W","4","Saskia the Unyielding","mythic","Creature","9.49","7.5","9.96","","0.25","0.31","577","C16","Commander 2016"
"298","G,W,U","5","Chulane, Teller of Tales","mythic","Creature","1.79","0.97","2.48","1.5","0.02","1.25","574","MKC","Murders at Karlov Manor Commander"
"299","W,U,B","4","Queza, Augur of Agonies","uncommon","Creature","0.35","0.2","0.21","0.13","0.03","0.53","574","SNC","Streets of New Capenna"
"300","U,B","4","Talion, the Kindly Lord","mythic","Creature","11.99","8.02","12.09","7.51","0.03","0.72","573","WOE","Wilds of Eldraine"
"301","B,G","4","Winter, Cynical Opportunist","mythic","Creature","0.99","0.34","0.7","0.28","","0.27","572","DSC","Duskmourn: House of Horror Commander"
"302","R,W,B","4","Neriv, Heart of the Storm","mythic","Creature","1.99","1.74","2.13","1.36","0.12","0.22","571","TDM","Tarkir: Dragonstorm"
"303","R,W","3","Ardenn, Intrepid Archaeologist // Rograkh, Son of Rohgahh","uncommon","Creature","2.79","3.09","2.84","3.48","2.6","0.29","571","CMR","Commander Legends"
"304","B","5","Shirei, Shizo's Caretaker","uncommon","Creature","0.35","0.25","0.21","0.09","0.02","0.65","571","CMM","Commander Masters"
"305","U,B","4","Gisa and Geralf","rare","Creature","0.79","0.4","0.7","0.32","0.02","0.26","571","INR","Innistrad Remastered"
"306","B,R","2","Gev, Scaled Scorch","rare","Creature","0.49","0.43","0.53","0.54","0.02","0.25","569","BLB","Bloomburrow"
"307","U,B,R","3","Nathan Drake, Treasure Hunter","mythic","Creature","","72.0","","","","0","569","SLD","Secret Lair Drop"
"308","U,B","4","Anowon, the Ruin Thief","mythic","Creature","0.99","0.64","0.7","1.69","2.9","0.22","564","ZNC","Zendikar Rising Commander"
"309","W,U,B,R,G","4","Jodah, Archmage Eternal","rare","Creature","0.59","0.75","0.53","0.22","0.02","1.01","563","2X2","Double Masters 2022"
"310","W,B","3","Breena, the Demagogue","mythic","Creature","2.79","3.02","2.84","4.02","6.01","0.45","562","OTC","Outlaws of Thunder Junction Commander"
"311","U,B,R","4","Don Andres, the Renegade","mythic","Creature","0.99","0.27","1.06","0.25","","0.09","561","LCC","The Lost Caverns of Ixalan Commander"
"312","G","6","Gargos, Vicious Watcher","rare","Creature","1.29","0.97","1.06","1.27","0.02","0.47","561","M20","Core Set 2020"
"313","W","4","Myrel, Shield of Argive","mythic","Creature","29.99","21.58","32.02","15.36","0.27","0.91","559","BRO","The Brothers' War"
"314","B,R","3","The Infamous Cruelclaw","mythic","Creature","2.29","1.47","2.48","1.36","0.31","0.71","559","BLB","Bloomburrow"
"315","G,U","2","Kenessos, Priest of Thassa","rare","Creature","6.49","4.49","7.11","1.94","","0.62","559","J22","Jumpstart 2022"
"316","B,G","5","The Gitrog, Ravenous Ride","mythic","Creature","3.49","1.22","2.84","1.32","0.03","0.52","558","OTJ","Outlaws of Thunder Junction"
"317","G,U,R","4","Kalamax, the Stormsire","mythic","Creature","0.99","0.5","0.7","0.1","0.45","0.51","558","C20","Commander 2020"
"318","R,W,B","3","Zurgo, Thunder's Decree","rare","Creature","0.49","0.39","0.35","0.22","0.02","0.17","557","TDM","Tarkir: Dragonstorm"
"319","W,U","5","Kastral, the Windcrested","rare","Creature","0.49","0.39","0.53","0.2","0.02","0.35","554","BLB","Bloomburrow"
"320","G,W,U","3","Morska, Undersea Sleuth","mythic","Creature","0.99","0.34","1.06","0.19","1.23","0.26","554","MKC","Murders at Karlov Manor Commander"
"321","W,B,G","5","Ghave, Guru of Spores","mythic","Creature","0.99","0.6","1.06","0.55","0.34","0.29","554","2X2","Double Masters 2022"
"322","R,W","4","Nelly Borca, Impulsive Accuser","mythic","Creature","0.99","0.34","1.06","0.18","2.14","0.7","553","MKC","Murders at Karlov Manor Commander"
"323","R","4","Alexios, Deimos of Kosmos","uncommon","Creature","0.79","0.27","0.7","0.19","0.52","0.64","550","ACR","Assassin's Creed"
"324","W,B","4","Brimaz, Blight of Oreskos","mythic","Creature","0.99","0.5","1.06","0.47","9.26","0.47","548","MOC","March of the Machine Commander"
"325","G,W","2","Kudo, King Among Bears","rare","Creature","0.49","0.27","0.53","0.16","0.02","0.55","547","MH3","Modern Horizons 3"
"326","W,U,B","3","The Master of Keys","mythic","Creature","0.99","0.78","1.06","0.49","2.0","0.4","546","DSC","Duskmourn: House of Horror Commander"
"327","G,U","5","Kiora, Sovereign of the Deep","mythic","Creature","1.99","0.99","2.13","1.12","0.02","0.33","544","MAT","March of the Machine: The Aftermath"
"328","U,R","5","Iron Man, Titan of Innovation","mythic","Creature","20.99","24.15","21.34","20.73","","1.14","543","SLD","Secret Lair Drop"
"329","B","3","Ayara, First of Locthwain","rare","Creature","7.99","4.86","7.82","3.32","0.02","0.41","541","ELD","Throne of Eldraine"
"330","B,G","3","Grist, the Hunger Tide","mythic","Planeswalker","0.99","0.45","1.06","0.49","1.14","0.38","539","DSC","Duskmourn: House of Horror Commander"
"331","B,G,U","7","Sin, Spira's Punishment","rare","Creature","0.49","0.4","0.35","0.29","0.02","0.63","537","FIN","Final Fantasy"
"332","U,B","7","Toxrill, the Corrosive","mythic","Creature","16.99","13.51","16.36","15.03","0.02","2.19","537","VOW","Innistrad: Crimson Vow"
"333","B,R","5","The Lord of Pain","mythic","Creature","6.99","5.93","7.11","7.58","","0.97","535","DSC","Duskmourn: House of Horror Commander"
"334","U,B,R","4","Obeka, Brute Chronologist","rare","Creature","0.49","0.4","0.35","0.25","1.83","0.46","531","CMR","Commander Legends"
"335","G,W,U","3","Tuvasa the Sunlit","mythic","Creature","3.99","2.99","9.24","3.45","4.71","0.09","531","C18","Commander 2018"
"336","W,B,G","5","Nethroi, Apex of Death","mythic","Creature","2.99","2.66","2.48","1.41","0.02","0.5","529","DMC","Dominaria United Commander"
"337","G,U","4","Adrix and Nev, Twincasters","mythic","Creature","5.99","3.54","8.53","4.36","5.52","0.63","528","MKC","Murders at Karlov Manor Commander"
"338","G,U,R","3","Haldan, Avid Arcanist // Pako, Arcane Retriever","mythic","Creature","0.99","0.84","1.06","0.65","2.51","0.3","528","C20","Commander 2020"
"339","G,W","3","Jasmine Boreal of the Seven","uncommon","Creature","0.35","0.25","0.21","0.11","0.1","0.07","527","DMC","Dominaria United Commander"
"340","G,W","2","Finneas, Ace Archer","rare","Creature","0.49","0.25","0.35","0.17","0.02","0.43","526","BLB","Bloomburrow"
"341","W","5","Elesh Norn, Mother of Machines","mythic","Creature","20.99","19.99","23.48","18.16","0.12","1.76","526","ONE","Phyrexia: All Will Be One"
"342","G,U,R","3","Riku of Many Paths","rare","Creature","0.49","0.25","0.35","0.06","0.02","0.22","524","OTJ","Outlaws of Thunder Junction"
"343","U,B,R","3","Marchesa, Dealer of Death","rare","Creature","0.49","0.25","0.35","0.11","0.02","0.19","524","OTJ","Outlaws of Thunder Junction"
"344","B,R,G","6","Prossh, Skyraider of Kher","mythic","Creature","0.99","0.47","0.7","0.13","0.18","0.8","523","A25","Masters 25"
"345","W,B","3","Zoraline, Cosmos Caller","rare","Creature","0.49","0.47","0.35","0.38","0.02","0.24","520","BLB","Bloomburrow"
"346","B,R,G","4","Winter, Misanthropic Guide","rare","Creature","0.49","0.25","0.35","0.06","0.02","0.75","520","DSK","Duskmourn: House of Horror"
"347","B,G,U","5","The Mimeoplasm","rare","Creature","0.49","0.34","0.35","0.27","0.03","0.75","516","OTC","Outlaws of Thunder Junction Commander"
"348","G,W","4","Lathiel, the Bounteous Dawn","rare","Creature","0.59","0.6","0.53","0.35","0.03","0.25","515","CMR","Commander Legends"
"349","G,U","3","Clement, the Worrywort","rare","Creature","0.49","0.29","0.35","0.19","0.02","0.4","514","BLB","Bloomburrow"
"350","B,G,U","3","Xavier Sal, Infested Captain","rare","Creature","1.79","0.85","1.77","0.76","0.17","0.25","514","LCC","The Lost Caverns of Ixalan Commander"
"351","G,U,R","4","Eshki Dragonclaw","rare","Creature","0.49","0.25","0.35","0.03","0.02","0.16","512","TDM","Tarkir: Dragonstorm"
"352","G,W","4","Sigarda, Font of Blessings","rare","Creature","3.99","2.5","4.26","2.19","0.02","0.56","508","MAT","March of the Machine: The Aftermath"
"353","W,B","3","Athreos, God of Passage","mythic","Creature","17.99","12.6","16.36","9.36","0.03","0.59","506","JOU","Journey into Nyx"
"354","B,G,U","4","Kadena, Slinking Sorcerer","mythic","Creature","0.99","0.52","1.06","0.29","3.61","0.41","505","C19","Commander 2019"
"355","G","3","Selvala, Heart of the Wilds","mythic","Creature","7.99","5.23","8.53","4.85","0.62","0.83","505","CMM","Commander Masters"
"356","B,G","3","Sméagol, Helpful Guide","rare","Creature","0.49","0.37","0.53","0.43","0.02","0.86","504","LTR","The Lord of the Rings: Tales of Middle-earth"
"357","G,W","3","Gluntch, the Bestower","rare","Creature","0.79","0.4","0.7","0.2","","0.25","503","CLB","Commander Legends: Battle for Baldur's Gate"
"358","R,W","6","Sami, Wildcat Captain","mythic","Creature","1.99","1.62","2.48","0.98","0.02","0.58","500","EOE","Edge of Eternities"
"359","U,R","2","Ral, Monsoon Mage","mythic","Creature","5.49","3.31","5.69","3.57","2.06","0.53","500","MH3","Modern Horizons 3"
"360","G","3","Azusa, Lost but Seeking","rare","Creature","14.99","11.43","14.94","7.34","0.02","0.91","499","CMM","Commander Masters"
"361","R,G","5","Slinza, the Spiked Stampede","rare","Creature","1.49","1.02","1.77","1.19","","0.26","498","J25","Foundations Jumpstart"
"362","B,G,U","5","Indominus Rex, Alpha","rare","Creature","9.99","9.54","9.24","6.83","2.85","0.73","498","REX","Jurassic World Collection"
"363","B,R,G","6","Thantis, the Warweaver","mythic","Creature","1.79","0.75","1.77","0.43","2.75","0.2","498","C18","Commander 2018"
"364","B,R","4","Strefan, Maurer Progenitor","mythic","Creature","1.49","0.69","1.06","0.67","","0.06","498","VOC","Crimson Vow Commander"
"365","U,R","4","Jhoira, Weatherlight Captain","rare","Creature","2.29","1.22","2.48","1.48","0.02","0.72","495","EOC","Edge of Eternities Commander"
"366","B,R","4","Kardur, Doomscourge","uncommon","Creature","0.99","0.47","14.23","0.23","0.03","0.57","495","DSC","Duskmourn: House of Horror Commander"
"367","B","5","Gisa, the Hellraiser","mythic","Creature","7.99","4.49","8.53","4.74","0.02","0.47","491","OTJ","Outlaws of Thunder Junction"
"368","B","3","Xu-Ifit, Osteoharmonist","rare","Creature","0.49","0.32","0.35","0.02","0.02","0.22","491","EOE","Edge of Eternities"
"369","W,B,G","7","Myrkul, Lord of Bones","rare","Creature","0.49","0.25","0.35","0.16","2.7","0.4","488","CLB","Commander Legends: Battle for Baldur's Gate"
"370","R,G,W","4","Marisi, Breaker of the Coil","mythic","Creature","10.99","6.56","10.67","3.73","13.6","0.76","485","C19","Commander 2019"
"371","R","4","Imodane, the Pyrohammer","rare","Creature","0.49","0.29","0.53","0.17","0.02","0.14","485","WOE","Wilds of Eldraine"
"372","W,B","2","Sorin of House Markov","mythic","Creature","5.49","3.39","5.69","4.27","0.16","0.26","483","MH3","Modern Horizons 3"
"373","W,B","4","Ratadrabik of Urborg","rare","Creature","1.29","0.75","1.42","0.55","0.02","0.51","481","DMU","Dominaria United"
"374","W,B,G","8","Karador, Ghost Chieftain","rare","Creature","0.49","0.3","0.35","0.24","0.02","0.2","478","CMM","Commander Masters"
"375","G,U","2","Ivy, Gleeful Spellthief","rare","Creature","0.59","0.31","0.53","0.23","0.02","0.57","478","DMU","Dominaria United"
"376","U","3","Emry, Lurker of the Loch","rare","Creature","1.29","0.71","1.42","0.82","0.39","0.47","476","EOC","Edge of Eternities Commander"
"377","U,R","6","Brudiclad, Telchor Engineer","rare","Creature","0.99","0.39","0.7","0.24","0.02","0.36","476","2XM","Double Masters"
"378","B,G,U","5","Teval, Arbiter of Virtue","mythic","Creature","0.99","0.56","0.7","0.29","0.12","0.47","475","TDM","Tarkir: Dragonstorm"
"379","W,B","2","Karlov of the Ghost Council","mythic","Creature","13.99","7.28","13.51","7.48","1.83","0.4","475","RVR","Ravnica Remastered"
"380","R,G","4","Anzrag, the Quake-Mole","mythic","Creature","4.99","3.61","4.97","2.4","0.02","0.6","473","MKM","Murders at Karlov Manor"
"381","U","3","Bruvac the Grandiloquent","mythic","Creature","49.99","40.04","42.69","30.17","0.07","1.39","473","RVR","Ravnica Remastered"
"382","G,U","7","Koma, Cosmos Serpent","mythic","Creature","4.99","2.32","4.97","4.42","0.02","1.52","469","MKC","Murders at Karlov Manor Commander"
"383","R,G,W","3","Wayta, Trainer Prodigy","mythic","Creature","0.99","0.35","1.06","0.38","","0.2","468","LCC","The Lost Caverns of Ixalan Commander"
"384","U,R","6","The Locust God","mythic","Creature","7.49","5.16","7.11","3.63","0.02","0.81","465","MOC","March of the Machine Commander"
"385","U,B,R","3","Anhelo, the Painter","mythic","Creature","0.99","0.45","1.06","0.02","1.73","0.61","465","NCC","New Capenna Commander"
"386","R,G","4","Chishiro, the Shattered Blade","mythic","Creature","0.99","0.99","1.06","0.12","6.37","0.39","463","NEC","Neon Dynasty Commander"
"387","B,G","3","Baba Lysaga, Night Witch","rare","Creature","0.49","0.25","0.35","0.17","3.25","0.2","462","CLB","Commander Legends: Battle for Baldur's Gate"
"388","W,B","2","Amalia Benavides Aguirre","rare","Creature","0.69","0.5","0.53","0.85","0.02","0.31","462","LCI","The Lost Caverns of Ixalan"
"389","U,R,W","4","Commodore Guff","mythic","Planeswalker","1.49","1.15","1.42","0.7","","0.6","461","CMM","Commander Masters"
"390","W,U,B,R,G","3","Codie, Vociferous Codex","rare","Creature","0.49","0.4","0.35","0.17","0.02","0.48","460","STX","Strixhaven: School of Mages"
"391","W,B","4","Elenda, the Dusk Rose","mythic","Creature","2.99","2.45","2.84","4.96","0.02","0.28","460","LCC","The Lost Caverns of Ixalan Commander"
"392","B,R,G","5","Maarika, Brutal Gladiator","rare","Creature","2.29","1.12","2.48","0.64","","0.38","457","SLX","Universes Within"
"393","G,U","4","Ezuri, Claw of Progress","mythic","Creature","1.99","1.35","2.13","0.42","0.02","0.74","455","2X2","Double Masters 2022"
"394","B,R","2","Juri, Master of the Revue","uncommon","Creature","0.35","0.22","0.35","0.11","0.04","0.19","454","EOC","Edge of Eternities Commander"
"395","W,U","4","Heliod, the Radiant Dawn","rare","Creature","2.49","1.35","2.48","0.76","0.02","0.45","452","MOM","March of the Machine"
"396","U,B,R","4","Davros, Dalek Creator","mythic","Creature","0.99","0.4","1.06","0.41","","0.76","451","WHO","Doctor Who"
"397","W,B,G","3","Felothar, Dawn of the Abzan","rare","Creature","0.49","0.25","0.35","0.21","0.02","0.15","451","TDM","Tarkir: Dragonstorm"
"398","B,G,U","6","Tasigur, the Golden Fang","rare","Creature","0.35","0.25","0.35","0.02","0.02","0.17","451","TDC","Tarkir: Dragonstorm Commander"
"399","U,R,W","4","Aragorn, King of Gondor","mythic","Creature","0.99","0.57","0.7","0.66","2.94","0.63","450","LTC","Tales of Middle-earth Commander"
"400","W,U,B","4","The Destined Warrior","rare","Creature","","59.99","","","","0","450","FIC","Final Fantasy Commander"
"401","B,G,U","3","Zimone and Dina","mythic","Creature","0.99","0.54","0.7","0.46","0.02","0.38","450","MOM","March of the Machine"
"402","W,U","7","Millicent, Restless Revenant","mythic","Creature","0.99","0.48","0.7","0.32","","0.25","449","VOC","Crimson Vow Commander"
"403","W,U","5","Elminster","mythic","Planeswalker","0.99","0.71","1.06","0.93","1.87","0.71","448","CLB","Commander Legends: Battle for Baldur's Gate"
"404","B,R","3","Laughing Jasper Flint","rare","Creature","0.69","0.49","0.53","0.51","0.02","0.54","448","OTJ","Outlaws of Thunder Junction"
"405","U,B,R","4","Lynde, Cheerful Tormentor","mythic","Creature","2.29","0.99","2.13","0.85","0.22","0.2","448","MIC","Midnight Hunt Commander"
"406","B,R","3","Evereth, Viceroy of Plunder","rare","Creature","6.49","4.99","6.4","4.4","","0.44","447","J25","Foundations Jumpstart"
"407","U","3","Minn, Wily Illusionist","rare","Creature","8.99","6.15","9.24","8.12","2.68","0.31","446","AFC","Forgotten Realms Commander"
"408","W,U,B","3","Aminatou, the Fateshifter","mythic","Planeswalker","3.99","2.34","4.26","3.08","4.26","0.64","446","2X2","Double Masters 2022"
"409","U,R,W","5","Arthur, Marigold Knight","mythic","Creature","0.99","0.36","0.7","0.23","1.47","0.69","446","BLC","Bloomburrow Commander"
"410","R,W,B","4","Extus, Oriq Overlord","mythic","Creature","0.99","0.69","0.7","0.82","0.02","0.15","445","STX","Strixhaven: School of Mages"
"411","W,U,B,R,G","4","Avatar Aang","mythic","Creature","29.99","27.48","24.9","","","0","445","TLA","Avatar: The Last Airbender"
"412","R,G","3","Faldorn, Dread Wolf Herald","mythic","Creature","3.99","5.46","3.55","0.37","2.16","0.29","442","CLB","Commander Legends: Battle for Baldur's Gate"
"413","U,R","2","The Emperor of Palamecia","uncommon","Creature","0.35","0.23","0.21","0.11","0.03","0.48","440","FIN","Final Fantasy"
"414","U","4","Talrand, Sky Summoner","rare","Creature","0.59","0.44","0.53","0.2","0.02","0.38","439","OTC","Outlaws of Thunder Junction Commander"
"415","W,U","2","Kwain, Itinerant Meddler","rare","Creature","0.49","0.25","0.35","0.13","1.6","0.25","439","CMR","Commander Legends"
"416","W,B,G","4","Ixhel, Scion of Atraxa","mythic","Creature","0.99","1.42","1.06","0.87","2.47","0.59","437","ONC","Phyrexia: All Will Be One Commander"
"417","R,G,W","5","Duskana, the Rage Mother","mythic","Creature","0.99","0.34","1.06","1.11","4.34","0.32","436","MKC","Murders at Karlov Manor Commander"
"418","R","4","Knuckles the Echidna","mythic","Creature","15.99","10.99","8.53","8.78","","1.24","435","SLD","Secret Lair Drop"
"419","G,U","4","Grolnok, the Omnivore","rare","Creature","0.69","0.49","0.53","0.2","0.02","0.47","435","VOW","Innistrad: Crimson Vow"
"420","B","4","Massacre Girl, Known Killer","mythic","Creature","6.99","3.98","5.69","2.75","0.02","0.54","435","MKM","Murders at Karlov Manor"
"421","G,W,U","3","Kellan, the Kid","mythic","Creature","1.49","0.69","1.42","0.83","0.02","0.69","434","OTJ","Outlaws of Thunder Junction"
"422","W,B","6","Astarion, the Decadent","rare","Creature","1.29","0.4","1.42","0.59","","0.36","434","CLB","Commander Legends: Battle for Baldur's Gate"
"423","W,B","3","Kambal, Profiteering Mayor","rare","Creature","4.49","2.3","4.26","3.47","0.02","0.6","433","OTJ","Outlaws of Thunder Junction"
"424","G,W,U","5","Mr. Foxglove","mythic","Creature","0.99","0.3","0.7","0.3","1.84","0.21","432","BLC","Bloomburrow Commander"
"425","W,U,B","3","Zur, Eternal Schemer","mythic","Creature","2.99","2.73","2.84","3.98","0.07","0.61","431","DMU","Dominaria United"
"426","R,G","6","Ruric Thar, the Unbowed","rare","Creature","0.79","0.5","0.7","0.39","0.02","0.79","431","2X2","Double Masters 2022"
"427","B","4","Vincent Valentine","rare","Creature","0.99","1.15","1.06","1.17","0.02","0.35","430","FIN","Final Fantasy"
"428","R,W","6","Nahiri, Forged in Fury","mythic","Creature","15.99","11.93","14.23","6.87","0.02","0.46","429","MAT","March of the Machine: The Aftermath"
"429","B","5","Maha, Its Feathers Night","mythic","Creature","9.99","8.87","9.24","4.8","0.03","1.58","429","BLB","Bloomburrow"
"430","G,W","5","Yuna, Hope of Spira","mythic","Creature","9.49","9.01","10.67","11.37","0.3","0.51","427","FIN","Final Fantasy"
"431","W","3","Heliod, Sun-Crowned","mythic","Creature","21.99","18.0","21.34","12.31","0.22","0.9","427","CMM","Commander Masters"
"432","B,G,U","3","Tatsunari, Toad Rider","rare","Creature","0.49","0.25","0.35","0.17","0.02","0.05","426","NEO","Kamigawa: Neon Dynasty"
"433","U,R,W","5","The Tenth Doctor // Rose Tyler","mythic","Creature","0.99","0.47","0.7","3.02","","0.67","425","WHO","Doctor Who"
"434","U,R,W","3","Dr. Madison Li","mythic","Creature","0.99","0.33","1.06","0.97","","0.19","425","PIP","Fallout"
"435","B,G","2","Hapatra, Vizier of Poisons","rare","Creature","0.99","0.76","1.06","0.9","0.02","0.5","422","AKH","Amonkhet"
"436","B,G","4","Jarad, Golgari Lich Lord","mythic","Creature","1.99","1.3","1.77","0.86","0.02","0.29","421","TDC","Tarkir: Dragonstorm Commander"
"437","W,U,B","5","Sen Triplets","mythic","Creature","6.49","6.85","6.4","3.04","0.02","2.04","421","2XM","Double Masters"
"438","W,U,B","3","G'raha Tia, Scion Reborn","mythic","Creature","0.99","0.31","0.7","0.91","0.81","0.32","421","FIC","Final Fantasy Commander"
"439","W,U,B","6","Saruman of Many Colors","mythic","Creature","0.99","0.68","1.06","0.99","0.02","0.38","419","LTR","The Lord of the Rings: Tales of Middle-earth"
"440","B,G","3","Slimefoot, the Stowaway","uncommon","Creature","0.35","0.25","0.21","0.13","0.03","0.22","419","CMM","Commander Masters"
"441","G,W","2","Emmara, Soul of the Accord","rare","Creature","0.49","0.47","0.35","0.22","0.02","0.18","418","GRN","Guilds of Ravnica"
"442","B","5","Syr Konrad, the Grim","uncommon","Creature","0.79","0.49","0.7","0.47","0.03","0.93","417","DSC","Duskmourn: House of Horror Commander"
"443","R,W","3","Mabel, Heir to Cragflame","rare","Creature","0.49","0.36","0.53","0.33","0.02","0.19","416","BLB","Bloomburrow"
"444","R,W","3","Anim Pakal, Thousandth Moon","rare","Creature","3.99","2.5","4.26","4.27","0.02","0.38","415","LCI","The Lost Caverns of Ixalan"
"445","W,U,B","3","Noctis, Heir Apparent","rare","Creature","","79.99","","","","0","415","FIC","Final Fantasy Commander"
"446","B,R","5","Rakdos, the Muscle","mythic","Creature","2.79","0.97","2.84","1.61","0.02","0.35","414","OTJ","Outlaws of Thunder Junction"
"447","R,G,W","3","Jinnie Fay, Jetmir's Second","rare","Creature","0.69","0.5","11.38","0.22","0.02","0.22","414","SNC","Streets of New Capenna"
"448","U,R","6","Niv-Mizzet, Visionary","mythic","Creature","9.49","8.01","9.24","4.17","0.03","0.89","414","FDN","Foundations"
"449","U,R","3","Yusri, Fortune's Flame","rare","Creature","0.49","0.33","0.35","0.16","0.02","0.39","413","MH2","Modern Horizons 2"
"450","U,B,R","5","Abaddon the Despoiler","mythic","Creature","0.99","0.99","1.06","3.99","","0.76","413","40K","Warhammer 40,000 Commander"
"451","B,R","3","Anje Falkenrath","mythic","Creature","1.49","0.83","2.13","0.35","2.73","0.25","412","C19","Commander 2019"
"452","U,B,R","5","Evelyn, the Covetous","rare","Creature","0.49","0.25","0.35","0.11","0.02","0.53","411","SNC","Streets of New Capenna"
"453","R,W,B","4","Olivia, Opulent Outlaw","mythic","Creature","0.99","2.18","1.06","2.81","","0.19","411","OTC","Outlaws of Thunder Junction Commander"
"454","U,B","5","Tasha, the Witch Queen","mythic","Planeswalker","6.99","4.51","7.82","5.25","8.89","0.49","411","CLB","Commander Legends: Battle for Baldur's Gate"
"455","R,G","2","Ruby, Daring Tracker","uncommon","Creature","0.35","0.2","0.21","0.13","0.03","0.18","411","FDN","Foundations"
"456","W,B,G","4","Narci, Fable Singer","mythic","Creature","15.99","13.25","17.78","8.66","15.86","0.34","410","CMM","Commander Masters"
"457","G,U","2","Jackal, Genius Geneticist","rare","Creature","0.49","0.5","0.7","0.38","0.26","0.49","410","SPM","Marvel's Spider-Man"
"458","U","5","Mm'menon, the Right Hand","rare","Creature","0.49","0.37","0.53","0.17","0.02","0.52","410","EOE","Edge of Eternities"
"459","U,R,W","3","Pramikon, Sky Rampart","mythic","Creature","4.49","2.27","4.26","1.46","1.34","0.63","409","C19","Commander 2019"
"460","G,U","5","Imoti, Celebrant of Bounty","uncommon","Creature","0.35","0.25","0.35","0.06","0.04","0.51","407","CMR","Commander Legends"
"461","G,W","5","Karametra, God of Harvests","mythic","Creature","4.99","3.96","4.97","2.67","0.02","0.34","407","C20","Commander 2020"
"462","B,R","3","Magar of the Magic Strings","mythic","Creature","0.99","0.56","1.42","0.92","","0.63","406","UNF","Unfinity"
"463","R","4","Solphim, Mayhem Dominus","mythic","Creature","27.99","17.82","28.46","15.8","0.02","0.69","406","ONE","Phyrexia: All Will Be One"
"464","B,G,U","4","Nine-Fingers Keene","rare","Creature","0.49","0.25","0.35","0.15","1.53","0.26","405","CLB","Commander Legends: Battle for Baldur's Gate"
"465","U,R,W","4","Hinata, Dawn-Crowned","rare","Creature","0.49","0.35","0.35","0.24","0.01","0.98","404","NEO","Kamigawa: Neon Dynasty"
"466","B,R,G","4","Ognis, the Dragon's Lash","rare","Creature","0.49","0.3","0.35","0.17","0.02","0.39","402","SNC","Streets of New Capenna"
"467","G,W,U","2","Thrasios, Triton Hero // Yoshimaru, Ever Faithful","rare","Creature","22.99","20.2","19.21","15.16","1.62","1.34","400","C16","Commander 2016"
"468","R,W,B","3","Kelsien, the Plague","mythic","Creature","0.99","1.01","1.06","0.5","2.58","0.8","398","C20","Commander 2020"
"469","B,G,U","5","Felix Five-Boots","mythic","Creature","2.49","2.45","1.06","2.01","5.53","0.21","396","OTC","Outlaws of Thunder Junction Commander"
"470","W,B,G","3","Bilbo, Birthday Celebrant","rare","Creature","0.49","0.29","0.35","0.33","1.12","0.16","395","LTC","Tales of Middle-earth Commander"
"471","G,U,R","6","Iroh, Grand Lotus","rare","Creature","2.99","8.9","2.84","","","0","394","TLA","Avatar: The Last Airbender"
"472","U,R","2","Krark, the Thumbless // Sakashima of a Thousand Faces","rare","Creature","1.99","1.09","7.11","0.91","10.26","0.71","390","CMR","Commander Legends"
"473","U,R","4","Mizzix of the Izmagnus","rare","Creature","0.79","0.49","1.06","0.19","0.39","0.77","389","CMM","Commander Masters"
"474","W,U","5","The Council of Four","rare","Creature","1.29","0.45","1.42","0.4","8.02","0.49","389","CLB","Commander Legends: Battle for Baldur's Gate"
"475","R,W,B","3","Jan Jansen, Chaos Crafter","rare","Creature","0.59","0.3","0.53","0.21","2.51","0.22","388","CLB","Commander Legends: Battle for Baldur's Gate"
"476","B,G","6","Yargle and Multani","rare","Creature","1.99","0.86","1.77","0.42","0.02","0.21","388","MOM","March of the Machine"
"477","Colorless","10","Kozilek, the Great Distortion","mythic","Creature","5.99","4.82","4.97","3.84","0.02","1.36","388","CMM","Commander Masters"
"478","R,W,B","3","Alesha, Who Smiles at Death","rare","Creature","0.49","0.25","0.35","0.1","0.02","0.35","387","DMC","Dominaria United Commander"
"479","W,U","3","Zethi, Arcane Blademaster","rare","Creature","2.49","1.41","2.48","0.91","","0.4","387","SLX","Universes Within"
"480","G,U,R","5","Loot, the Pathfinder","mythic","Creature","0.99","0.69","1.06","0.2","0.14","0.44","387","DFT","Aetherdrift"
"481","W,B","3","Greasefang, Okiba Boss","rare","Creature","0.49","0.4","0.35","0.24","0.27","0.55","387","NEO","Kamigawa: Neon Dynasty"
"482","B","3","Karumonix, the Rat King","rare","Creature","0.79","0.48","0.7","0.25","0.02","0.61","387","ONE","Phyrexia: All Will Be One"
"483","G,W","2","Black Panther, Wakandan King","mythic","Creature","15.99","18.81","16.36","10.69","","0.6","385","SLD","Secret Lair Drop"
"484","B,G","3","Camellia, the Seedmiser","rare","Creature","1.79","1.0","1.77","0.47","0.02","0.37","384","BLB","Bloomburrow"
"485","U,R,W","6","Narset, Enlightened Master","mythic","Creature","0.99","0.59","0.7","0.33","0.02","1.64","383","CMM","Commander Masters"
"486","W","3","Delney, Streetwise Lookout","mythic","Creature","44.99","33.56","46.25","23.03","0.03","0.81","383","MKM","Murders at Karlov Manor"
"487","B,R","4","Black Waltz No. 3","uncommon","Creature","0.35","0.25","0.35","0.16","0.03","0.35","381","FIN","Final Fantasy"
"488","B,R,G","4","The Beamtown Bullies","mythic","Creature","0.99","0.5","0.7","0.38","1.81","1.09","380","NCC","New Capenna Commander"
"489","G","4","Goreclaw, Terror of Qal Sisma","uncommon","Creature","1.29","0.54","1.42","0.57","0.02","0.28","380","CMM","Commander Masters"
"490","G,W","5","Kyler, Sigardian Emissary","mythic","Creature","0.99","0.69","0.7","0.54","","0.35","377","MIC","Midnight Hunt Commander"
"491","U,R","2","Spider-Man 2099","rare","Creature","0.49","0.75","1.06","0.35","0.01","0.57","377","SPM","Marvel's Spider-Man"
"492","G,W","1","Rhys the Redeemed","rare","Creature","5.99","6.59","5.69","3.18","0.02","0.31","376","2XM","Double Masters"
"493","R,W","4","Osgir, the Reconstructor","mythic","Creature","1.29","1.0","1.06","0.53","2.89","0.0","374","C21","Commander 2021"
"494","W,U,B","5","Yennett, Cryptic Sovereign","rare","Creature","0.49","0.3","0.53","0.17","0.45","0.27","372","CMM","Commander Masters"
"495","G","2","Ayula, Queen Among Bears","rare","Creature","0.99","0.76","1.06","0.3","0.02","0.19","371","MH1","Modern Horizons"
"496","U,B,R","5","Edea, Possessed Sorceress","rare","Creature","","59.99","","","","0","370","FIC","Final Fantasy Commander"
"497","U,B","3","Runo Stromkirk","rare","Creature","0.49","0.3","0.53","0.24","0.02","0.2","370","VOW","Innistrad: Crimson Vow"
"498","W,U","3","Sokrates, Athenian Teacher","rare","Creature","1.29","0.5","1.42","0.71","0.02","0.64","370","ACR","Assassin's Creed"
"499","R,G,W","5","Uril, the Miststalker","mythic","Creature","1.29","1.1","1.42","0.54","0.02","0.21","369","2X2","Double Masters 2022"
"500","W,U,B,R,G","5","Garth One-Eye","mythic","Creature","0.99","0.32","0.7","0.27","0.02","0.5","366","MH2","Modern Horizons 2"
"501","B,G","5","Zask, Skittering Swarmlord","rare","Creature","39.99","33.76","46.25","18.27","","0.6","366","J22","Jumpstart 2022"
"502","U,R","2","Kediss, Emberclaw Familiar // Malcolm, Keen-Eyed Navigator","uncommon","Creature","7.99","5.3","7.11","1.79","1.47","0.51","365","CMR","Commander Legends"
"503","B,R","3","Rivaz of the Claw","rare","Creature","0.69","0.49","0.53","0.5","0.02","0.29","365","DMU","Dominaria United"
"504","R,W","3","General Ferrous Rokiric","rare","Creature","1.49","0.5","1.42","0.51","0.02","0.07","365","MH2","Modern Horizons 2"
"505","B,R","8","Imskir Iron-Eater","rare","Creature","0.49","0.25","0.35","0.12","0.02","0.19","364","MH3","Modern Horizons 3"
"506","B,R","5","Raphael, Fiendish Savior","rare","Creature","0.49","0.3","0.35","0.32","10.69","0.28","363","CLB","Commander Legends: Battle for Baldur's Gate"
"507","Colorless","5","Karn, Legacy Reforged","mythic","Creature","14.99","9.89","14.23","9.52","0.02","0.5","363","MAT","March of the Machine: The Aftermath"
"508","G,W,U","4","Kros, Defense Contractor","mythic","Creature","0.99","0.49","0.7","0.31","","0.44","362","NCC","New Capenna Commander"
"509","G,U","4","Arixmethes, Slumbering Isle","rare","Creature","1.29","0.42","1.06","0.54","0.02","0.32","362","DSC","Duskmourn: House of Horror Commander"
"510","R","4","Ashling, Flame Dancer","mythic","Creature","3.99","3.28","4.26","2.0","0.02","0.4","361","MH3","Modern Horizons 3"
"511","R","9","Herigast, Erupting Nullkite","mythic","Creature","2.99","2.03","2.84","2.04","0.08","0.22","360","MH3","Modern Horizons 3"
"512","U","2","Baral, Chief of Compliance","rare","Creature","2.49","2.16","2.84","1.37","0.02","1.06","360","AER","Aether Revolt"
"513","U","5","Azami, Lady of Scrolls","rare","Creature","0.69","0.49","0.7","0.18","0.02","0.51","360","CMM","Commander Masters"
"514","R,W,B","3","Altaïr Ibn-La'Ahad","mythic","Creature","3.99","2.45","3.2","4.15","0.02","0.78","356","ACR","Assassin's Creed"
"515","G,W","4","Trostani, Selesnya's Voice","mythic","Creature","1.99","1.49","2.13","1.0","0.02","0.15","356","C19","Commander 2019"
"516","R,W","5","Otharri, Suns' Glory","mythic","Creature","3.99","2.5","4.26","1.55","9.45","0.2","354","ONC","Phyrexia: All Will Be One Commander"
"517","B,R","3","Xantcha, Sleeper Agent","rare","Creature","3.49","2.44","3.55","2.1","0.82","0.41","353","CMM","Commander Masters"
"518","G,W","3","Selvala, Explorer Returned","rare","Creature","0.49","0.25","0.35","0.16","0.03","0.27","353","MKC","Murders at Karlov Manor Commander"
"519","W","4","Odric, Lunarch Marshal","rare","Creature","0.79","0.5","0.7","0.25","0.02","0.35","353","INR","Innistrad Remastered"
"520","U,B","6","Gyruda, Doom of Depths","rare","Creature","0.79","0.5","0.7","0.02","0.02","0.57","352","IKO","Ikoria: Lair of Behemoths"
"521","U,R,W","4","Cayth, Famed Mechanist","mythic","Creature","0.99","0.49","1.06","0.37","0.02","0.24","352","M3C","Modern Horizons 3 Commander"
"522","G,W,U","4","Sophia, Dogged Detective","mythic","Creature","0.99","0.29","0.7","0.32","1.85","0.86","352","MKC","Murders at Karlov Manor Commander"
"523","G,W,U","4","Galea, Kindler of Hope","mythic","Creature","0.99","0.65","0.7","0.49","0.44","0.6","351","AFC","Forgotten Realms Commander"
"524","G,U","2","Lonis, Cryptozoologist","rare","Creature","0.49","0.25","0.35","0.15","0.02","0.25","351","MKC","Murders at Karlov Manor Commander"
"525","G,U,R","3","Averna, the Chaos Bloom","rare","Creature","0.49","0.38","0.53","0.28","0.49","0.32","350","CMR","Commander Legends"
"526","B,R","0.0","Asmoranomardicadaistinaculdacar","rare","Creature","0.49","0.4","0.53","0.28","0.02","0.29","349","MH2","Modern Horizons 2"
"527","R,G","7","Atarka, World Render","rare","Creature","0.49","0.52","0.53","0.3","0.02","0.42","348","TDC","Tarkir: Dragonstorm Commander"
"528","R,W","4","Amy Rose","mythic","Creature","1.99","2.0","2.48","1.1","","0.63","347","SLD","Secret Lair Drop"
"529","U","2","Vnwxt, Verbose Host","rare","Creature","0.49","0.38","0.53","0.07","0.02","0.27","346","DFT","Aetherdrift"
"530","R,W,B","5","Zurgo Helmsmasher","mythic","Creature","0.99","0.67","1.06","0.44","0.02","0.28","346","KTK","Khans of Tarkir"
"531","G,W","4","Tadeas, Juniper Ascendant","rare","Creature","2.49","0.62","2.48","0.51","","0.24","346","SLX","Universes Within"
"532","G,W","3","Sergeant John Benton","rare","Creature","0.59","0.31","0.53","0.27","","0.71","345","WHO","Doctor Who"
"533","Colorless","3","Iron Spider, Stark Upgrade","rare","Creature","1.29","1.03","1.77","0.62","0.01","0.41","344","SPM","Marvel's Spider-Man"
"534","U,R,W","5","Elsha of the Infinite","rare","Creature","0.59","0.4","0.53","0.18","0.25","0.44","344","2X2","Double Masters 2022"
"535","G,W","6","Hamza, Guardian of Arashin","uncommon","Creature","0.49","0.25","0.53","0.15","0.04","0.29","344","CMM","Commander Masters"
"536","U,B","3","Emet-Selch, Unsundered","mythic","Creature","3.99","3.82","4.26","3.87","0.09","0.42","344","FIN","Final Fantasy"
"537","R","4","Purphoros, God of the Forge","mythic","Creature","24.99","21.8","24.9","19.47","0.02","1.15","344","CMM","Commander Masters"
"538","U,B,R","8","Sauron, Lord of the Rings","mythic","Creature","0.99","0.47","1.06","0.78","1.86","0.41","343","LTC","Tales of Middle-earth Commander"
"539","U,B,R","4","Cormela, Glamour Thief","uncommon","Creature","0.35","0.2","0.35","0.07","0.03","0.38","342","SNC","Streets of New Capenna"
"540","W,B","4","Minthara, Merciless Soul","uncommon","Creature","0.35","0.2","0.35","0.19","2.29","0.33","342","CLB","Commander Legends: Battle for Baldur's Gate"
"541","U","3","Leonardo da Vinci","mythic","Creature","1.49","0.8","1.42","1.02","0.02","0.65","341","ACR","Assassin's Creed"
"542","R","5","Slicer, Hired Muscle","mythic","Creature","8.99","6.99","9.24","6.3","39.95","0.96","338","BOT","Transformers"
"543","R,G","4","Halana and Alena, Partners","rare","Creature","1.99","1.0","2.13","1.07","0.02","0.29","338","FDN","Foundations"
"544","W,U","3","Plagon, Lord of the Beach","rare","Creature","4.99","3.01","4.97","5.86","13.39","0.27","337","J25","Foundations Jumpstart"
"545","R,W,B","6","Megatron, Tyrant","mythic","Creature","1.79","1.5","1.77","0.48","7.82","0.58","337","BOT","Transformers"
"546","U,B,R,G","2","Thrasios, Triton Hero // Vial Smasher the Fierce","rare","Creature","22.99","20.2","19.21","15.16","1.62","1.34","336","C16","Commander 2016"
"547","G","3","Loot, Exuberant Explorer","rare","Creature","5.99","4.13","4.97","2.9","0.02","0.59","336","FDN","Foundations"
"548","R,G","3","Muerra, Trash Tactician","rare","Creature","0.49","0.29","0.35","0.16","0.02","0.24","334","BLB","Bloomburrow"
"549","G,U,R","3","Owen Grady, Raptor Trainer // Blue, Loyal Raptor","rare","Creature","5.49","5.35","4.97","3.47","1.29","0.4","333","REX","Jurassic World Collection"
"550","W,B,G","3","Doran, the Siege Tower","rare","Creature","2.79","2.99","2.84","0.86","0.02","0.18","332","2X2","Double Masters 2022"
"551","G","5","Aeve, Progenitor Ooze","rare","Creature","0.49","0.3","0.53","0.15","0.02","0.39","332","MH2","Modern Horizons 2"
"552","B","3","Liliana, Heretical Healer","mythic","Creature","5.49","5.31","5.69","2.61","0.02","0.45","332","CC2","Commander Collection: Black"
"553","B,G,U","3","Jorn, God of Winter","rare","Creature","0.49","0.38","0.35","0.07","0.02","0.5","330","KHM","Kaldheim"
"554","U,R","3","Ian Malcolm, Chaotician","rare","Creature","4.99","4.28","4.26","2.6","1.15","0.47","330","REX","Jurassic World Collection"
"555","U,R","5","Magnus the Red","rare","Creature","5.49","3.77","5.69","3.01","0.97","0.5","329","40K","Warhammer 40,000 Commander"
"556","W,B","5","Eirdu, Carrier of Dawn","mythic","Creature","","49.99","","","","0","329","ECL","Lorwyn Eclipsed"
"557","B,G","4","Venom, Deadly Devourer","rare","Creature","4.99","3.7","5.69","1.63","","0.56","329","SPE","Marvel's Spider-Man Eternal"
"558","G,U","1","Tamiyo, Inquisitive Student","mythic","Creature","37.99","26.07","39.13","27.21","17.57","0.3","329","MH3","Modern Horizons 3"
"559","U","4","Braids, Conjurer Adept","rare","Creature","0.69","0.5","0.7","0.22","0.02","0.65","328","CMM","Commander Masters"
"560","W,U,B,R","2","Bjorna, Nightfall Alchemist // Wernog, Rider's Chaplain","rare","Creature","0.69","0.48","0.53","0.28","0.63","0.33","327","SLX","Universes Within"
"561","G,W","2","Dyadrine, Synthesis Amalgam","rare","Creature","0.49","0.26","0.53","0.02","0.02","0.16","326","EOE","Edge of Eternities"
"562","W,B","5","Carmen, Cruel Skymarcher","mythic","Creature","0.99","0.5","1.06","1.67","0.02","0.32","324","LCC","The Lost Caverns of Ixalan Commander"
"563","B,R","2","Grenzo, Dungeon Warden","rare","Creature","0.79","0.49","0.53","0.37","0.02","0.38","323","A25","Masters 25"
"564","W,U,B","4","Kamiz, Obscura Oculus","mythic","Creature","0.99","0.49","1.06","0.07","1.78","0.32","322","NCC","New Capenna Commander"
"565","G,W,U","4","Rafiq of the Many","rare","Creature","0.49","0.3","0.35","0.14","0.02","0.42","322","CMM","Commander Masters"
"566","B,G","7","Beledros Witherbloom","mythic","Creature","3.49","1.36","3.2","3.16","0.03","0.49","322","STX","Strixhaven: School of Mages"
"567","W,B,G","3","Merry, Warden of Isengard // Pippin, Warden of Isengard","rare","Creature","0.49","0.26","0.53","0.41","0.78","0.25","321","LTC","Tales of Middle-earth Commander"
"568","R","4","Torbran, Thane of Red Fell","rare","Creature","4.49","3.52","4.26","0.9","0.02","0.58","321","ELD","Throne of Eldraine"
"569","W,U,B,R,G","10","Progenitus","mythic","Creature","0.99","1.12","0.7","0.88","0.02","0.38","320","FDN","Foundations"
"570","U,B","7","Doctor Octopus, Master Planner","mythic","Creature","1.79","1.61","2.48","1.55","0.14","0.46","320","SPM","Marvel's Spider-Man"
"571","R,W","6","Aurelia, the Warleader","mythic","Creature","20.99","14.6","19.92","9.12","0.02","0.67","319","FDN","Foundations"
"572","G,W,U","4","Estrid, the Masked","mythic","Planeswalker","1.79","1.37","3.2","","0.69","0.35","317","C18","Commander 2018"
"573","R,G,W","3","Ghired, Mirror of the Wilds","mythic","Creature","0.99","0.49","1.06","0.48","0.02","0.35","317","OTJ","Outlaws of Thunder Junction"
"574","W,U,B,R,G","5","Jared Carthalion","mythic","Planeswalker","0.99","0.99","1.06","0.35","1.23","0.22","316","DMC","Dominaria United Commander"
"575","R,W,B","5","Silvar, Devourer of the Free // Trynn, Champion of Freedom","mythic","Creature","0.99","0.56","1.06","0.32","0.68","0.24","316","C20","Commander 2020"
"576","W,U","3","Wraith, Vicious Vigilante","uncommon","Creature","0.35","0.19","0.35","0.09","0.01","0.5","315","SPM","Marvel's Spider-Man"
"577","U,R","6","Neera, Wild Mage","rare","Creature","0.49","0.25","0.35","0.02","2.04","0.47","314","CLB","Commander Legends: Battle for Baldur's Gate"
"578","W,U","5","Abdel Adrian, Gorion's Ward // Candlekeep Sage","uncommon","Creature","0.35","0.2","0.35","0.16","","0.26","314","CLB","Commander Legends: Battle for Baldur's Gate"
"579","U,R","10","Eris, Roar of the Storm","mythic","Creature","0.99","1.0","1.06","2.42","2.75","0.1","312","OTC","Outlaws of Thunder Junction Commander"
"580","B,R","6","Ozai, the Phoenix King","mythic","Creature","9.99","11.95","9.96","","","0","312","TLA","Avatar: The Last Airbender"
"581","R,G","2","Agatha of the Vile Cauldron","mythic","Creature","2.29","0.99","2.48","0.9","0.02","0.58","311","WOE","Wilds of Eldraine"
"582","B,R","4","Blim, Comedic Genius","rare","Creature","0.49","0.29","0.35","0.18","0.68","0.53","310","CMR","Commander Legends"
"583","B","3","Vito, Thorn of the Dusk Rose","rare","Creature","9.99","7.56","9.96","5.92","0.02","0.95","309","M21","Core Set 2021"
"584","B","4","Gonti, Night Minister","rare","Creature","1.49","0.54","1.42","0.48","0.02","0.48","308","DFT","Aetherdrift"
"585","G","3","The Cabbage Merchant","rare","Creature","7.99","49.95","","","","0","308","TLE","Avatar: The Last Airbender Eternal"
"586","U,R,W","5","Liberty Prime, Recharged","mythic","Creature","0.99","0.3","1.06","0.18","1.6","0.22","308","PIP","Fallout"
"587","W,B,G","5","Vishgraz, the Doomhive","mythic","Creature","1.49","1.0","1.06","0.54","2.0","0.72","307","ONC","Phyrexia: All Will Be One Commander"
"588","U,R","3","River Song","rare","Creature","0.49","0.25","0.35","0.33","","0.47","306","WHO","Doctor Who"
"589","W,U,B,R,G","5","Sliver Hivelord","mythic","Creature","17.99","17.38","15.65","6.32","0.02","1.36","306","CMM","Commander Masters"
"590","B,R,G","5","Vazi, Keen Negotiator","rare","Creature","0.49","0.34","0.35","0.12","","0.42","304","NCC","New Capenna Commander"
"591","R","3","Gornog, the Red Reaper","rare","Creature","6.49","4.0","6.4","3.6","","0.35","304","J25","Foundations Jumpstart"
"592","W,B","3","Teysa, Orzhov Scion","rare","Creature","2.29","0.75","2.48","1.01","0.02","0.5","304","RVR","Ravnica Remastered"
"593","B,R","3","Alesha, Who Laughs at Fate","rare","Creature","2.99","1.68","2.84","0.71","0.02","0.3","304","FDN","Foundations"
"594","B,G","5","Mazirek, Kraul Death Priest","rare","Creature","1.29","0.57","1.42","1.46","0.69","0.36","303","EOC","Edge of Eternities Commander"
"595","B,G,U","4","The Master, Transcendent","mythic","Creature","0.99","0.35","1.06","1.29","1.42","0.67","303","PIP","Fallout"
"596","R,W","2","Taii Wakeen, Perfect Shot","rare","Creature","0.49","0.25","0.53","0.14","0.02","0.44","303","OTJ","Outlaws of Thunder Junction"
"597","W,U,B,R,G","6","Karona, False God","rare","Creature","1.49","2.35","1.42","0.99","0.02","0.21","303","SCG","Scourge"
"598","R,W","4","Bruenor Battlehammer","uncommon","Creature","1.29","0.66","1.06","0.51","0.03","0.18","302","AFR","Adventures in the Forgotten Realms"
"599","G,W","3","Kutzil, Malamet Exemplar","uncommon","Creature","1.99","1.11","2.13","0.73","0.03","0.63","301","LCI","The Lost Caverns of Ixalan"
"600","W,B,G","5","Kathril, Aspect Warper","mythic","Creature","0.99","0.7","0.7","0.14","2.27","0.18","300","C20","Commander 2020"
